image_id,ratio_area,color_min_R,color_max_R,color_mean_R,color_median_R,color_std_R,color_min_G,color_max_G,color_mean_G,color_median_G,color_std_G,color_min_B,color_max_B,color_mean_B,color_median_B,color_std_B,inscribed_circle_radius_norm,symmetry_loss_min,symmetry_angle,symmetry_score,hu_1,eccentricity,glcm_energy,hist_variance,hue_skewness
1,0.007428041666666667,5,208,69.26201950566056,57.0,48.450795835727526,3,199,56.20405251607774,39.0,46.00966952494011,0,190,40.84965611879829,24.0,37.005209852184386,0.2717740073132871,0.23641424027403968,-55.0,0.7635857597259603,3.0983736194873175,0.3908074863744234,0.30791788617515853,2064.8130217461944,3.6642911434173584
2,0.008553,2,248,65.22978905359179,57.0,42.700777118316516,2,251,53.661412010642344,35.0,43.60260021465085,0,244,37.05339224629419,20.0,35.383545290943005,0.21394318171909876,0.18023049645390077,-85.0,0.8197695035460992,3.039440821396092,0.5966330599728966,0.405030122738033,1767.6521779721093,3.658135414123535
3,0.022093125,3,255,107.55583150181782,115.0,58.73154660121588,0,255,88.28275113858955,87.0,60.10205561574998,0,255,63.73992541981697,52.0,54.88807131586151,0.21800879276160037,0.2704702575078135,55.0,0.7295297424921865,3.0910035727949627,0.23712861233548757,0.3493517899001207,3412.108549227309,8.524989128112793
4,0.013187375,5,219,88.64101210650763,90.0,46.47282061623455,3,213,72.26592027361572,63.0,46.46463686485052,0,201,51.57099377079745,38.0,38.0479343470548,0.21744358793218085,0.2603051006195668,45.0,0.7396948993804332,3.076024334171882,0.736205890139687,0.3485282545336914,2032.2667406173425,4.892838001251221
5,0.009164625,6,255,123.95368653065613,135.0,62.44917377886132,0,250,101.7843453484934,93.0,63.242206173900115,0,245,81.83031386357732,65.0,60.9041399731299,0.18500210257137523,0.25122928428337277,20.0,0.7487707157166272,3.010350606672214,0.6494450635823302,0.37064402100166516,3860.702534359148,4.5036749839782715
6,0.005916833333333333,7,201,101.05713553854035,110.0,49.63323254506914,4,199,85.08788751505753,80.0,51.457015877101846,0,204,69.12392174238124,56.0,49.21313058958795,0.2597738674708775,0.1422991071428572,-85.0,0.8577008928571428,3.0545888071066307,0.7642505814730618,0.325148564122012,2519.79701598843,3.295616865158081
7,0.00565875,11,238,91.9587180372192,87.0,41.92299050539221,9,235,73.69607673943682,71.0,37.60269305063635,4,223,51.62678689561941,42.0,35.834561270387276,0.30164623260498047,0.06334891193223313,80.0,0.9366510880677669,3.02844835020114,0.8995232668588359,0.2805677342713669,1381.3230607120474,2.2861907482147217
8,0.007454083333333333,4,168,56.34967892266795,47.0,36.41593131110092,4,171,44.206889761626066,32.0,36.50697888172305,3,183,37.93341610965857,24.0,38.53362381171637,0.17640807119648108,0.14496888731605173,-45.0,0.8550311126839483,2.9916656101902475,0.872936844188739,0.5167826265153344,1306.804051461466,1.2963802814483643
9,0.0071994166666666665,6,255,88.05215818215632,96.0,52.41577085782574,3,255,71.76341995367474,66.0,51.67526747992473,0,254,68.91613550419576,61.0,54.58959847494426,0.1614856719970703,0.20417953005745648,0.0,0.7958204699425435,3.0284062831506064,0.4970879990469308,0.3772043140634821,2677.5687983917264,1.5754175186157227
10,0.015783458333333333,4,255,83.3289182357385,81.0,52.44351260411085,0,255,63.901105996324674,49.0,48.98985868972695,0,255,60.90864486042384,46.0,51.02457847914003,0.21484709148165546,0.2573207245130881,-15.0,0.7426792754869119,3.080963505501791,0.4672654803169432,0.2991201088016061,2460.814238669971,1.426890254020691
11,0.013630916666666666,12,255,120.44752632960349,124.0,45.65028860115855,2,246,89.18204307465811,91.0,42.34780431931749,0,255,82.49232662887553,81.0,46.60787026757222,0.2552421145968967,0.18210855770879775,45.0,0.8178914422912023,3.110382541107729,0.6116788194964138,0.18304537824025588,1814.3227855426398,1.4407353401184082
12,0.018040083333333335,10,235,109.49755238267586,108.0,44.678992199877165,0,195,75.6136315219209,72.0,37.656947195195556,0,255,82.91649925437582,73.0,51.3352461101801,0.19570147663081458,0.2319556262872121,15.0,0.7680443737127879,3.067435441624473,0.35926268483545726,0.23470565327611578,1590.5945123144036,-0.1787574589252472
13,0.01632,5,255,105.02776247852866,100.0,48.09109087090043,3,255,78.66999645392747,71.0,43.14391966153035,0,255,53.17159470151375,43.0,40.20181344636452,0.34254324114000473,0.05356425198432635,90.0,0.9464357480156737,3.0087252422474484,0.8960652182211167,0.22509725792846838,1876.8492975976546,4.855748653411865
14,0.010996041666666666,10,255,136.94048378502112,136.0,52.026136562322144,0,245,107.23164791618196,103.0,48.78679322936254,0,255,99.62619238822884,91.0,51.46039625536265,0.20386904761904762,0.18998145724258286,45.0,0.8100185427574171,3.090829639011868,0.5674309714203417,0.2743936391748028,2378.517025737461,0.7294557094573975
15,0.015960666666666668,9,255,123.18162553169812,124.0,51.09270638702159,0,254,94.55424976439724,97.0,45.26192191784023,0,255,80.89336491683859,82.0,41.658505533720785,0.17107894772388896,0.22634705807599442,-25.0,0.7736529419240056,3.018381418548249,0.5939260449556893,0.3965672066183188,2069.795682107323,1.5446621179580688
16,0.016806708333333333,13,255,107.00615836854676,100.0,46.5905839428827,0,255,87.1118133382326,84.0,40.695004707223646,0,255,66.89059219793006,62.0,34.504528402765175,0.21978303660517154,0.16506849315068495,-80.0,0.834931506849315,2.936872716818141,0.8387611284071991,0.4245023541414101,1668.6671543606471,2.8593389987945557
17,0.014791666666666667,3,255,122.61792723484616,116.0,48.37091376885338,0,255,106.7421494186921,110.0,47.17765782511294,0,255,74.6607718833039,66.0,44.42006072051137,0.17137096774193547,0.17026440211924077,-90.0,0.8297355978807592,3.058089863663004,0.44017253623543884,0.4259307497730913,2093.593331792581,3.5841331481933594
18,0.013739375,17,255,137.03839258188393,133.0,49.77683861987614,0,255,112.90971891733338,110.0,47.82973468886914,0,255,96.39112424087327,88.0,49.00953113619848,0.22329162656400384,0.1613508159363306,-55.0,0.8386491840636694,2.9855774019382992,0.42967204603074655,0.4855524913034309,2258.3747751448736,1.6520360708236694
19,0.012374958333333333,7,255,107.5578656586217,106.0,37.48122948132985,0,255,88.36600557773137,96.0,38.37762197747994,0,255,66.07103016204499,63.0,33.29876817440497,0.28949370035311073,0.16119392535261468,-75.0,0.8388060746473853,3.073156762210223,0.6315539469765268,0.2848344240491309,1316.4431890705357,2.514686107635498
20,0.019336625,9,255,91.71295599485683,88.0,55.15096164789177,0,255,68.32365475335533,61.0,47.393967315330805,0,255,60.62092276200756,49.0,45.9382783495592,0.1734221920822606,0.30334156326496164,-90.0,0.6966584367350384,3.038466839286059,0.683329609866587,0.38319357972428864,2351.0902703498905,1.1263160705566406
21,0.016043791666666668,14,235,123.97440485684663,119.0,41.494672157449834,3,207,102.52881011244916,104.0,38.13923748461311,0,255,102.43284452508175,98.0,47.43651568410413,0.22194759971217104,0.18801676220253605,-90.0,0.811983237797464,2.9786235641628656,0.8026341983412193,0.35997659915184743,1493.8605595829156,0.5370725393295288
22,0.013813416666666667,9,255,146.32815303430078,162.0,68.11994628973659,0,255,105.72136323658751,111.0,59.16811011967232,0,255,104.25463500439754,100.0,66.6637914380432,0.20910068393982562,0.24086483390607105,65.0,0.759135166093929,3.067654374753869,0.4737751688458563,0.32649493999391405,3728.4760930015,0.5937910676002502
23,0.016773916666666666,4,255,116.22259951874337,119.0,46.42113891722086,0,255,98.96066643051705,104.0,47.062604693716025,0,255,81.74586229219851,77.0,45.39117150755387,0.20937240824979894,0.20497924394983214,-30.0,0.7950207560501679,2.9414981153853916,0.9272425669257528,0.3361687665180434,2063.276081145489,1.7863940000534058
24,0.022504791666666666,0,255,77.55211290319625,75.0,44.181401673810036,0,255,51.65624158146576,44.0,34.636057248913986,0,255,50.37488340043726,38.0,39.70072484995577,0.2389813127188847,0.20569628213513103,-55.0,0.794303717864869,3.0614883631977756,0.4128994273518279,0.2767035308114453,1320.1180710646026,0.509358823299408
25,0.011481458333333333,4,255,98.749552259937,103.0,48.814985457888,0,255,88.59550490213428,94.0,48.75390733374419,0,255,83.20104767635296,88.0,47.553643509647905,0.3127246137978374,0.08982207670245435,85.0,0.9101779232975457,2.981286935714454,0.7739949469564247,0.4450501930439404,2320.43235395207,0.8232693672180176
26,0.016388666666666666,3,255,103.16941729196073,111.0,66.67517548487854,2,255,84.95521448860431,87.0,56.63686047367078,0,255,90.66377523008231,87.0,65.35512879996503,0.22777721135303228,0.2149155489319423,45.0,0.7850844510680577,3.0108125153613976,0.7121702375782307,0.3830259384359649,3586.52468792963,-0.17492642998695374
27,0.0037650416666666665,9,255,108.53870291774366,109.0,44.46246515386939,0,255,74.75838997564115,70.0,41.22834860867951,0,255,61.604620735871336,53.0,41.19178204561229,0.2957788560448623,0.1874118890977443,-80.0,0.8125881109022557,3.103666072147836,0.7825518390180368,0.14268474171582224,1635.03878809603,1.8729456663131714
28,0.0075635,9,255,152.6680265802933,170.0,59.74388505534509,4,255,129.76184984182245,142.0,59.156081538360866,0,255,111.80235622551213,112.0,61.88928626059512,0.215625,0.17821143055762456,75.0,0.8217885694423754,3.0555068985393845,0.7646634379252094,0.36473142046037,3448.005743425105,2.5263617038726807
29,0.014925208333333334,0,255,95.54054960614766,93.0,57.02395872718514,0,255,78.86502618808683,73.0,54.11182127170255,0,255,69.02201998817756,59.0,50.89103397422492,0.2761340197394876,0.19673490541591088,85.0,0.8032650945840891,3.078723284561553,0.7735486981633625,0.22142296259082545,2922.746032849332,1.5301856994628906
30,0.017855458333333334,21,255,137.9418368022803,131.0,49.10208944515943,0,255,99.19554765814675,101.0,43.856046482036454,0,255,77.1681744576178,69.0,48.30711077801948,0.21887149810791015,0.16759243034869464,10.0,0.8324075696513054,3.094877728068926,0.5525174949190474,0.323279019481591,1896.8607740791851,1.8816595077514648
31,0.011362125,8,255,130.80419370211519,139.0,50.07178926372017,0,255,110.8466439385608,120.0,49.39846486069404,0,255,93.57027750284101,95.0,47.638116073647105,0.2916666666666667,0.19221429097063802,70.0,0.807785709029362,3.0903815842883993,0.5051507986880995,0.262146001162839,2355.8793112397198,2.3070907592773438
32,0.009864166666666667,2,255,91.10283909540779,81.0,68.52197035822043,0,255,76.29508605110709,61.0,60.8657892029487,0,255,74.7049983955142,58.0,58.45704727897755,0.14941201473306293,0.2837803187145055,85.0,0.7162196812854945,3.0274719621274175,0.5503458805327491,0.3541867673581841,3906.952968242772,0.22771421074867249
33,0.008155916666666667,6,255,84.74819640659862,77.0,55.26612795269162,2,255,70.86730249822577,63.0,50.385634574449185,0,255,55.50662976937491,42.0,44.813288884844525,0.19400449822710447,0.1669468101001046,-80.0,0.8330531898998954,3.0050002721976448,0.5459986122896053,0.47755368737197273,2554.562117292418,1.7022335529327393
34,0.0080445,7,255,79.25446694383896,70.0,51.283283187916076,5,255,65.85147638253918,51.0,48.287075367645116,0,255,44.280841457795084,32.0,36.838257985766404,0.19274571190582462,0.27247826159243194,70.0,0.7275217384075681,2.962198943258844,0.510025325197132,0.41567203719998436,2229.0893235544945,3.4866764545440674
35,0.00541725,5,192,71.30863504609304,57.0,48.89761778210433,5,188,57.13910181988729,37.0,49.5584898108672,0,182,48.103611326818545,28.0,47.21467426140915,0.3661823272705078,0.13776436237373735,-80.0,0.8622356376262627,3.0802258100454556,0.8364893800480586,0.21455440198148137,2361.7741658506334,1.7299364805221558
36,0.009457333333333333,9,255,111.75782780803762,118.0,50.74045645914898,7,255,88.44916713267314,97.0,46.21890738925039,5,238,63.48035067170981,65.0,35.50199939303883,0.1790659441919384,0.25346109640568404,20.0,0.746538903594316,3.029807270700268,0.47801685641886915,0.33402745953633656,2081.287783837585,3.40445613861084
37,0.0104475,11,255,142.64171223159204,151.0,63.65882611607312,8,255,117.76151743157291,128.0,62.30894465896632,0,255,91.62915065916373,88.0,53.282956888872945,0.10300873873526589,0.23571864045115076,0.0,0.7642813595488492,2.989608191735866,0.6520054259070652,0.3777141962197269,3700.6208938713457,2.5810580253601074
38,0.01157,0,255,111.84257290619163,109.0,46.96854465156136,0,255,92.72809941100417,91.0,45.53347303003127,0,255,73.70051357563568,65.0,44.0476647706976,0.22429065085442018,0.24726032957220556,-90.0,0.7527396704277944,3.127085557120627,0.6709965167700563,0.2237885903742496,2004.318833523828,2.479604959487915
39,0.016584833333333333,4,255,92.50233843217039,87.0,50.42581025373424,0,255,68.2125009419034,65.0,44.58869302224415,0,255,53.358905382663956,45.0,41.98558762071988,0.2762797414040079,0.27268673656901954,90.0,0.7273132634309805,3.0998996079996686,0.5636658088434698,0.2393121362197371,2017.1574999697627,1.955484390258789
40,0.01470125,8,194,85.55096042825653,91.0,38.96691885726516,5,173,71.20340483235414,72.0,34.15387551026783,0,152,56.28742209197757,52.0,29.046526396933082,0.2168270400002006,0.23494112805645817,65.0,0.7650588719435418,3.0474212522733404,0.43986456090409715,0.25970707646106633,1191.7464508484532,3.2524757385253906
41,0.0093895,8,255,107.52735790879366,101.0,55.84409408133429,5,255,97.91210775462397,89.0,55.90035400746124,0,255,77.17030536687948,62.0,52.37938245809227,0.38207547169811323,0.09242322537338477,-90.0,0.9075767746266152,2.9845044653105064,0.9136990182852964,0.20121526649919627,3023.863149552571,6.130801200866699
42,0.013253875,3,255,108.22846688965312,102.0,46.360745672027114,0,255,92.41588542893484,91.0,45.37526741331545,0,255,76.2261302429296,68.0,42.862886866652175,0.19233363383525126,0.17583800016232454,85.0,0.8241619998376755,3.1115730076165136,0.42077621416852445,0.3756685536085781,1990.3000988237736,2.1754908561706543
43,0.019391333333333333,11,255,119.0476393033383,122.0,47.996205771565215,0,255,85.42298545363144,84.0,44.95155514221819,0,255,76.48270268992883,79.0,42.72158943937403,0.1968485810035883,0.23712503133442886,-65.0,0.7628749686655711,3.028565140598299,0.778652068911142,0.4283894700930762,1974.5599331942592,1.425514578819275
44,0.012554333333333334,9,255,126.99859634918054,127.0,48.30781380245271,0,255,103.2921518332078,106.0,45.19546699749606,0,255,88.42527633338533,85.0,45.46534895424782,0.24457823628126973,0.13215922474269037,20.0,0.8678407752573096,3.0349016894508996,0.3347939307924129,0.358668394602203,2063.8997519279105,1.7287038564682007
45,0.013615416666666666,9,235,89.0513469944603,79.0,46.03797555479573,6,217,74.80467892069144,68.0,42.821426402837304,0,250,47.337062154151106,32.0,42.045366675030635,0.2338918569136639,0.2683294533419347,45.0,0.7316705466580653,3.0694268698401066,0.718033342928159,0.2543008626776019,1826.3087991090758,3.6997437477111816
46,0.020934458333333333,5,255,98.75931394594508,98.0,45.11753033008876,0,243,84.4273430628465,84.0,42.30388699452029,0,241,68.47656638661482,60.0,44.1697271548898,0.22414387952561346,0.13011754940888798,-90.0,0.869882450591112,3.1182193213207547,0.35454784813150586,0.17528054970950946,1795.975494423204,1.8901605606079102
47,0.012116,3,255,94.86598161428503,87.0,59.19949478932617,0,243,82.96508845632877,78.0,52.42799838499054,0,255,109.71347781544152,97.0,66.94727041592328,0.20147547646174355,0.17526674752588378,20.0,0.8247332524741162,3.0763613566293735,0.4449981796435696,0.2616722190202879,3046.2484207411076,-1.7815918922424316
48,0.009546375,6,255,109.07899926699012,111.0,62.732036710001275,4,237,89.06132412998709,87.0,54.270057012514876,4,255,110.67756291668121,101.0,66.23830780313992,0.3033541527347288,0.116554549645836,-80.0,0.883445450354164,3.08100882205418,0.763999809180531,0.23571054549059334,3237.43938929885,-1.371220350265503
49,0.01780525,32,255,181.83232290143317,189.0,38.71255890840177,14,255,184.8975443112021,192.0,37.777967081057064,17,255,159.37921965486984,155.0,44.1009144348711,0.4170670166015625,0.17900630571863452,65.0,0.8209936942813655,3.1571726661275186,0.672180206796844,0.15574611580418024,1464.4011960859834,2.7421207427978516
50,0.019849666666666668,10,255,122.12030523329024,121.0,54.725968115263775,4,250,95.00922373700912,88.0,53.27790107222978,4,255,104.86928317187422,102.0,56.37423428848996,0.17998963017617503,0.17218127426133267,-5.0,0.8278187257386673,3.0802290572659,0.6188744085538238,0.35213880887675436,2779.5233467355883,-0.32704854011535645
51,0.021936333333333332,5,247,129.27458219386205,135.0,52.81303187524382,2,248,108.56389965056213,108.0,50.47510374818874,2,255,131.84016256457005,134.0,58.27740746167138,0.25626399153369966,0.09979632358961765,-5.0,0.9002036764103823,3.06266384142479,0.653951529846658,0.3309768875095016,2607.740955738149,-1.3378779888153076
52,0.020392,7,245,109.41459388451803,110.0,47.05326409601978,0,240,97.12124115641325,98.0,47.878262351351786,6,255,105.92522253252949,102.0,51.522449916350226,0.20703727154692342,0.19692533949090107,85.0,0.8030746605090989,3.071846661240166,0.5382934719471316,0.2683366442070781,2219.0475515499957,-0.4655247926712036
53,0.0164825,19,255,124.50118037195618,118.0,48.61054301924637,0,234,105.12006177364157,102.0,46.84144240291346,1,241,105.59028708061409,98.0,46.93094627197052,0.2685808019435152,0.19557351110188836,85.0,0.8044264888981116,3.0822378797473338,0.6607531241964559,0.2213115793740109,2156.6582663725712,0.14006870985031128
54,0.01179075,7,234,111.74061957938692,104.0,55.1259767671072,0,240,99.25792138145925,91.0,55.87441524055837,0,238,84.50832853463717,70.0,53.71133895709927,0.17818436799225984,0.1672150717471398,-65.0,0.8327849282528602,3.010132271212838,0.8018736877607766,0.39914423925400716,3012.1176832756887,1.9650776386260986
55,0.013451333333333333,4,220,71.99578802622572,67.0,40.430511490716476,0,191,47.83936585018381,38.0,38.24046413286579,0,170,33.59725478415183,22.0,31.983977335899255,0.17848456822908843,0.15947690217391308,80.0,0.8405230978260869,3.083334962370482,0.5763872069320951,0.39457846812953346,1377.084167551212,4.582400798797607
56,0.008527833333333333,0,255,92.56694378773373,80.0,54.072098665425344,0,255,76.87256012973565,67.0,50.858314902382254,0,255,59.93343721302827,47.0,43.96164796732931,0.2898837725321452,0.33759259259259267,-60.0,0.6624074074074073,3.0477815585219252,0.7309688490819852,0.3124384838844914,2529.87671001003,3.025341033935547
57,0.007866333333333333,0,255,94.59987397939193,83.0,54.85234327565486,0,255,79.68959747535185,69.0,52.263999680260156,0,255,62.773041120842116,49.0,45.391002277158094,0.27291756206088597,0.2931596091205212,-70.0,0.7068403908794788,3.015971299040398,0.783948415713065,0.34150576512554665,2657.3748282194083,3.0027966499328613
58,0.010403666666666667,3,255,74.83208879030417,68.0,49.490717463724934,1,255,60.47427699724132,54.0,43.822756072267424,0,255,52.16592127547977,39.0,43.68938706459818,0.2384326659053205,0.1881598053451592,70.0,0.8118401946548408,3.037061098554192,0.37075179611912373,0.3264649011909128,2022.972070980709,1.4086004495620728
59,0.0114715,3,255,84.08314875198803,74.0,57.53179875339592,0,255,68.27978779802322,60.0,51.71918850786266,0,255,62.4159398397955,43.0,54.71467168299509,0.20871631622314454,0.21077850877192983,75.0,0.7892214912280702,2.969099399095012,0.4144546361803955,0.373825428827887,2807.0491791513195,0.9613078236579895
60,0.007962833333333334,6,255,107.673369803979,104.0,54.97286454517738,6,255,85.08701700801238,78.0,51.04041888960815,0,255,68.89293634024393,57.0,46.3270527726639,0.22654184354405824,0.2670305055820237,25.0,0.7329694944179763,3.097035782512659,0.5549519516865681,0.24691822849747397,2590.5972023627664,2.123918294906616
61,0.016996833333333333,4,211,75.81338804042247,70.0,49.468792216348916,3,193,52.75954861749401,47.0,34.12334585745534,3,240,69.6454774737678,58.0,46.40358539190704,0.19085587573652507,0.26651224177676314,45.0,0.7334877582232369,2.932426020148738,0.7452290698995205,0.41833627357051967,1525.8581748935374,-1.5697014331817627
62,0.0200545,3,193,59.283487414244675,50.0,40.58527954021671,0,182,40.555083839262906,33.0,31.239955930122132,0,208,49.033249075202974,42.0,32.40218066021606,0.22991122370180878,0.179826239438865,-90.0,0.820173760561135,3.010205096141533,0.6156152979311423,0.4532445398167161,1054.788993051553,-0.642657995223999
63,0.013184833333333333,0,255,73.02729584985545,46.0,65.26025597634896,0,255,57.99713107632032,33.0,58.8014985536272,0,255,59.984280952305724,41.0,54.73941857300636,0.21377586456666509,0.2410409078173158,-25.0,0.7589590921826842,2.9967279145431154,0.9156413300604547,0.35019063219656915,3549.117953991773,-0.5465177297592163
64,0.02632075,1,187,67.27391829376955,69.0,44.36803736649573,0,185,50.05980068022581,41.0,35.281272092716115,0,196,55.20883628841701,49.0,35.78120468956724,0.18339416058394162,0.12269387155244205,-10.0,0.877306128447558,3.002740958450076,0.6284005171325413,0.44584798580223367,1346.9296138959467,-0.2622186541557312
65,0.024412833333333335,2,202,59.482511539807,51.0,41.52883177220759,0,177,39.972028019760586,31.0,31.198414169671953,0,225,52.61461907971639,43.0,38.92636809607033,0.2349824145831893,0.20708040730337074,-55.0,0.7929195926966293,3.014385313697166,0.689458680833392,0.3380771632773119,1116.4890055169517,-0.8586284518241882
66,0.024656666666666667,0,255,91.46879799155602,93.0,66.04802845099385,0,255,72.94128241040309,66.0,58.183557681096175,0,255,70.82526807692503,57.0,59.95937969192141,0.1659621372017809,0.13367792569463488,-10.0,0.8663220743053651,2.9691464225944664,0.6891128077701729,0.43833515477828866,3573.0533585919375,0.09105409681797028
67,0.017510333333333333,0,255,110.33758917887636,99.0,59.0988949639364,0,255,89.92173431058394,85.0,54.38161815741662,0,255,88.14003611164637,74.0,55.41401803205841,0.22220670829698877,0.18206380598505734,-85.0,0.8179361940149427,2.880964666229287,0.8040713128274862,0.42888114119052934,3006.1184517766214,0.2389742136001587
68,0.0161465,5,255,109.28634048679302,104.0,59.92384131187835,4,255,92.61970650003354,88.0,54.36693825711967,4,255,84.73385569584983,74.0,52.806380552817046,0.173221332686288,0.29828997016497016,70.0,0.7017100298350298,3.012412253238759,0.5852417282666731,0.32437613055345804,3039.337473319374,0.6413742303848267
69,0.017729,0,232,63.18588110902255,52.0,46.07177165284732,1,253,61.18969689849624,56.0,41.13872396588873,0,255,54.63590930451128,48.0,44.479163687564515,0.2822779004818925,0.1963663754975674,15.0,0.8036336245024326,3.0961766363835577,0.7493630036397787,0.3684109418193679,1662.7625969141254,0.5220398306846619
70,0.015266166666666667,0,255,50.70127686979967,40.0,37.87436883027705,0,255,48.746293420804875,41.0,34.63519778276132,0,255,44.75989444470218,39.0,37.40443742062813,0.323943661971831,0.05361394557823129,-90.0,0.9463860544217687,3.041946632634108,0.8844957882479875,0.21292859472354156,1166.4739115805316,0.35977691411972046
71,0.006874666666666667,6,255,99.34755369747644,93.0,50.06213193304047,4,255,73.5416765124663,66.0,45.85818408112217,0,255,54.461031839801265,44.0,42.75309780692018,0.22142857142857142,0.1896675281954887,-5.0,0.8103324718045113,3.0119476244451517,0.8728512093593378,0.306239582449571,2098.1991253858873,2.6677322387695312
72,0.0073725,7,255,128.6528393778285,137.0,60.8404128350105,0,255,115.85621465255689,123.0,63.48159398691335,0,255,74.54623064188979,70.0,48.48010496552046,0.4571763743524966,0.04026989696879202,-80.0,0.959730103031208,2.898747672114427,0.937466502201694,0.3607253133035801,3516.013343552321,2.5963797569274902
73,0.018310166666666666,5,255,135.72118615725182,142.0,56.91393143481072,0,255,118.4412620552991,125.0,61.89093526052189,0,255,91.79610590234724,87.0,60.60335557766977,0.21827855386024664,0.19205580865603644,-65.0,0.8079441913439636,3.0662954188948364,0.5976744404809466,0.3090668164484279,3499.2099698932093,2.035377025604248
74,0.016965333333333332,6,255,128.2680532364208,130.0,47.535185371235144,3,255,108.82461693350359,108.0,53.568279927744115,1,255,76.27136823494745,69.0,45.67819519572029,0.2021325076067889,0.205894420131291,-30.0,0.794105579868709,3.023658336954382,0.708294477491746,0.28636720730616916,2433.2371880775986,2.5122554302215576
75,0.00476125,12,255,105.57280509237805,90.0,59.65647338740682,6,255,81.67469637220528,67.0,54.4954923266098,2,255,78.61723224356676,65.0,53.322817477621456,0.20005667550223213,0.2318532818532819,65.0,0.7681467181467181,3.0142975920138078,0.8946336304339892,0.2525369145715489,3064.167085343968,0.4408433139324188
76,0.013378,5,255,110.83450210815423,111.0,61.550934456799716,0,255,90.53896192866529,96.0,58.38412123183423,0,255,64.45594673874457,60.0,49.200874387194155,0.36491541181291853,0.043713092323203195,-85.0,0.9562869076767968,3.0392157939919735,0.8697271421023424,0.2392626309169348,3294.509909701074,3.9227755069732666
77,0.007123375,0,255,84.87184943960804,74.0,56.42821907001171,0,255,68.95138007846072,57.0,53.60127642641574,0,255,67.02309387807601,52.0,53.414499604053546,0.18836407052393642,0.21147598769136966,55.0,0.7885240123086303,2.9540128221748567,0.6891888332253214,0.4410982948185955,2883.484931780527,0.3700272738933563
78,0.019386833333333332,0,255,84.16629029035052,72.0,60.52386969847266,1,255,73.17421460540649,55.0,57.563535160220376,0,255,44.35031789653268,30.0,40.840912481437506,0.12300882692690249,0.2542634171304292,-55.0,0.7457365828695708,2.9091091475295223,0.5744508052341458,0.5172148047668998,3082.4640186184174,3.21075177192688
79,0.012790333333333334,4,255,85.32148405313775,86.0,60.53073903939921,3,255,65.13702283985397,59.0,48.83331013044586,0,255,44.017143731823055,26.0,44.89067291229239,0.23802798833602515,0.24088064713064716,-90.0,0.7591193528693528,2.924218590955851,0.8771566064589558,0.4147506869960035,2559.4414351365103,2.8181679248809814
80,0.012707,2,255,76.44859917255125,70.0,57.971700506209416,0,255,59.1492686061226,46.0,49.17763021261228,0,255,43.45138902548568,21.0,48.3883298171599,0.27552252345614964,0.3118583937198067,90.0,0.6881416062801933,2.9679624140709286,0.886151515047068,0.42086147786875094,2524.8006309915045,1.7175027132034302
81,0.015636166666666666,3,255,88.07929185521567,87.0,60.10351915385095,2,255,68.72418544161776,58.0,52.773008803240174,0,255,48.52082167394213,25.0,49.511944702287806,0.25697110023027586,0.14965410813111957,-85.0,0.8503458918688804,2.932075338541945,0.9250217624436181,0.3944875990833234,2841.2234306604228,2.5474355220794678
82,0.04024433333333333,0,255,112.94512054990217,116.0,56.71467510144763,0,255,96.30306317870786,96.0,53.9545820944898,0,243,75.13951076098097,65.0,50.73814094408621,0.12995049504950495,0.1713633723165242,25.0,0.8286366276834758,2.604138080508775,0.901231579202728,0.6486285923840593,2923.160801778292,5.95059871673584
83,0.18745783333333332,1,255,93.76618672415901,66.0,78.55812052530553,0,242,83.50769745396353,54.0,72.62903057561577,0,234,61.499165175644286,40.0,53.19095861501908,0.33304498269896193,0.09121219705048134,-90.0,0.9087878029495187,3.065609488217005,0.874853755180501,0.3742384221054975,5174.293510232754,2.3353731632232666
84,0.015821865720477002,3,255,100.18762159583515,95.0,69.51776435829122,1,243,84.79572314520979,69.0,65.67198048455953,0,255,82.13899155829341,66.0,66.88191897052383,0.2933854396988011,0.2399152542372881,-65.0,0.7600847457627119,3.1065595146355642,0.7906113403723768,0.3123551302590979,4432.495634941706,0.3216829299926758
85,0.05283633333333333,4,233,77.71098598395213,75.0,52.79378821234106,0,174,22.570909145425865,13.0,25.339618783888543,0,159,22.736886043368237,13.0,25.440715604562765,0.2892665091277547,0.16063564153985288,-10.0,0.8393643584601471,3.1306575763175015,0.4680935495237542,0.4154100240325129,857.6328644964879,0.012199047021567822
86,0.0253965,2,255,91.79229903610822,86.0,66.16261977094061,1,255,73.79493185829675,61.0,58.679618344073866,0,255,61.995464328130026,45.0,55.98014378272473,0.21885453099789826,0.19010809951514185,65.0,0.8098919004848582,3.080083660084176,0.8484407634515844,0.3510690720267557,3529.2346624474844,0.7358670830726624
87,0.025438333333333334,0,255,67.6377773628663,44.0,64.11775165973091,0,255,52.78219603912397,27.0,59.01605680955099,0,255,37.98530066888098,18.0,54.786489914351876,0.43059372320407774,0.06096303227883759,90.0,0.9390369677211624,3.0699227362295636,0.8696210580875869,0.21962756997571728,3473.160163154962,1.5348985195159912
88,0.0432945,5,249,90.55142246477159,88.0,57.642302697418785,0,210,39.04806442206925,31.0,34.504666759540534,0,176,39.153479729047,25.0,36.03753019664408,0.29973751890893074,0.2442938842203548,-5.0,0.7557061157796452,3.1181285224291697,0.5225807768731117,0.3014403533558277,1561.7795787693194,0.15150701999664307
89,0.019838166666666667,0,200,81.51566946182228,91.0,54.26233871375032,0,184,70.09343925944127,69.0,51.06482410076552,0,193,65.47014265583886,51.0,50.65151016834383,0.2905701754385965,0.3731135873659056,-45.0,0.6268864126340944,3.132958081783784,0.572391236137918,0.3364756191151401,2620.9145028148655,0.6777603626251221
90,0.0197255,1,255,80.82913286251514,74.0,49.3173623309209,1,255,58.66480263636043,49.0,42.21239713123864,0,255,56.64999906556223,44.0,44.39617801103756,0.22937944585626777,0.18088530655391122,-90.0,0.8191146934460888,3.1433534314953295,0.6263626414876143,0.20406410149869192,1881.1806581464737,0.47834348678588867
91,0.039453166666666664,3,255,89.49998574392929,80.0,64.29541111083472,0,255,71.18724134471707,55.0,57.53432542319228,0,255,55.74935187678531,41.0,50.372204269997894,0.2869003736055814,0.20280131826741998,50.0,0.79719868173258,3.0917884609844073,0.8572012689674599,0.3213290297208326,3335.821907782426,1.2178378105163574
92,0.034042916666666666,2,230,81.07942487000344,84.0,53.40844276756477,2,215,68.28924035993964,66.0,48.6051791901908,0,255,71.70472270867675,62.0,57.076225660409264,0.27114889621734617,0.2326433290707588,90.0,0.7673566709292412,3.0767995173256186,0.5843073423338141,0.455357296106253,2515.423304441885,-0.4619576334953308
93,0.038795666666666666,1,236,75.55081897144231,68.0,51.240679760051684,0,218,56.11626688202344,45.0,44.06934554088185,0,255,42.42389235884394,30.0,40.31027196491383,0.35166267499531784,0.23798211558044802,-45.0,0.762017884419552,3.1428607525704684,0.6977358495418918,0.24968134404254294,2005.5653470748587,2.138456106185913
94,0.0403435,3,255,96.47727411270833,92.0,61.53052739777508,0,255,83.47854185673356,68.0,61.69306901837404,0,255,44.75283744256665,37.0,38.58830283467236,0.22271500041778075,0.15771636756362517,10.0,0.8422836324363748,3.1027828038416265,0.75686889014755,0.427789938944482,3260.0926255453055,3.4580605030059814
95,0.028906833333333333,0,255,71.71544181126114,55.0,62.06658148862207,0,255,54.98485667382973,38.0,50.530217145235184,0,255,31.64641983635926,21.0,31.182801688633678,0.31008750851414785,0.23981092436974794,40.0,0.7601890756302521,3.0766729883872643,0.8694737982001074,0.3004377632294098,2536.976500684579,3.539940118789673
96,0.0365135,2,255,105.84308919712093,107.0,64.73631481437653,2,255,87.95894778159645,90.0,56.50305724962627,0,255,64.02238257591317,53.0,50.84891597927156,0.3735286394755046,0.14257474783861668,90.0,0.8574252521613833,3.1252765422197673,0.7784900850836612,0.18441333781029484,3240.8251457449987,3.829024076461792
97,0.038646,3,255,100.60015869456471,93.0,71.12824253919953,0,255,81.1881899763683,66.0,66.11253338352931,0,255,70.20910272885654,49.0,65.63887537737988,0.3785353515107753,0.097028291865351,-90.0,0.902971708134649,3.104052669453138,0.8490903355484111,0.21039592601847015,4448.862678012534,1.0211286544799805
98,0.026421166666666666,0,174,53.37604382158535,29.0,50.06166506386342,0,170,49.719018050860285,21.0,51.07517876378964,0,196,40.65140143296836,14.0,45.36646884637197,0.2730061213175456,0.2349083619702177,-25.0,0.7650916380297823,3.071537297088611,0.7651399926182045,0.46451078479866015,2454.269309665365,1.3502873182296753
99,0.0363615,0,255,60.042512552219755,53.0,44.535139694328564,0,255,44.70547943635893,31.0,37.35037463413179,0,255,34.334227055963076,21.0,32.72732501628119,0.38472002046602266,0.10497859698441092,-85.0,0.8950214030155891,3.119464642104997,0.7684731349354651,0.2912334810590385,1470.2176269654963,1.7337974309921265
100,0.025340666666666668,1,255,57.15452149566207,35.0,51.68685594671526,1,255,48.672944352466715,27.0,46.36493697406319,0,255,43.059918880571615,22.0,44.334311355158306,0.26937635554823763,0.2778258313738663,90.0,0.7221741686261337,3.1473581169512723,0.60402565732387,0.39607078097652865,2213.4069775879925,0.903847873210907
101,0.0257145,0,255,79.70723938427241,75.0,58.75018086434668,0,255,64.67520385728936,53.0,52.89396287367631,0,255,56.63813933744963,40.0,51.078157656382366,0.3418277775475738,0.12119088955026458,90.0,0.8788091104497354,3.125873415017398,0.7056487983770493,0.33057253611742665,2879.8458863539945,1.0625510215759277
102,0.026654166666666666,0,255,68.9368834842955,52.0,60.172135652673774,0,255,56.03111826629258,38.0,52.412666248496784,0,255,50.030969778910105,30.0,52.499891453226475,0.24939047771951425,0.24015009003794452,-45.0,0.7598499099620555,3.1007437968964573,0.7900303090588937,0.4120542889220618,2894.364142203022,0.4735381603240967
103,0.028225166666666666,0,255,81.32020635143213,83.0,59.19421072662597,1,255,66.79182564927636,59.0,52.09609909801648,0,255,58.25931201428814,45.0,50.069707197980826,0.2994709895207332,0.21453629561564713,-15.0,0.7854637043843529,3.119751072336561,0.7219440080792245,0.39191150522388307,2791.1497727234346,1.2117987871170044
104,0.024927166666666667,2,250,76.43599616944682,57.0,62.13408892364475,1,240,70.0169750997331,44.0,62.87133912094446,0,249,60.49829613919682,40.0,56.4242213228176,0.20389144950442845,0.19759522827282727,25.0,0.8024047717271727,3.0490654286811374,0.8064892749251136,0.43133746010287055,3738.761162940746,0.14017733931541443
105,0.023710833333333334,3,255,80.15785940953833,66.0,61.541026251081774,0,255,61.10675014144793,42.0,57.111077301275785,0,255,53.9729790516487,31.0,57.56043797355587,0.43708524599180115,0.12046186895810962,0.0,0.8795381310418904,3.130991630142961,0.7950449841104343,0.1670708548656571,3324.684719583324,1.1075783967971802
106,0.0315595,0,255,68.11202402560971,65.0,45.03083825065733,0,255,51.90807828124484,48.0,37.10651872439367,0,255,40.526646645325236,36.0,30.690722980174773,0.2900957817578838,0.19513864162364247,-25.0,0.8048613583763575,3.1151831631683247,0.5504633643409952,0.32719822428240375,1413.6206805773272,1.1138914823532104
107,0.021639,6,255,108.29519410709197,110.0,59.4989505229209,0,255,83.64083256963751,84.0,52.2884497117529,0,255,64.08644330809928,59.0,39.56817250951568,0.35979281938993013,0.2500524231127679,-90.0,0.7499475768872321,3.151245468854955,0.45366318902614255,0.14277316577027654,2674.136578662212,1.2343496084213257
108,0.0153065,1,255,71.42445381330445,70.0,45.580454824319155,0,255,54.90070248305032,47.0,39.870198020222325,0,255,52.62984777265787,41.0,43.67108975803782,0.373010218828574,0.1641758127708155,-75.0,0.8358241872291845,3.154769545976857,0.6748452676154161,0.2640308408228351,1697.682680078239,0.5531986951828003
109,0.03264966666666667,3,220,81.878036425624,81.0,50.86205264650547,0,209,65.76592951179865,56.0,48.8157800027276,0,255,46.88905164252157,43.0,35.74088248652188,0.19196533670230786,0.14308907415533123,-5.0,0.8569109258446688,3.0002408139555836,0.3961456776349348,0.5712075716444536,2240.045988247652,1.4531691074371338
110,0.021689,3,245,73.25418459653712,74.0,45.70896676794321,2,227,64.13175070423347,68.0,40.83850529903167,0,233,37.63064562895201,32.0,29.541894252356094,0.31508264462809915,0.15956104508817093,-85.0,0.8404389549118291,3.1576258772373818,0.5303511097910176,0.3233331380013304,1578.00166052665,2.4326560497283936
111,0.021688333333333334,2,255,77.00008835856674,68.0,55.97293780029468,1,255,64.81566097970442,49.0,52.97719889960882,0,255,57.73363157551008,40.0,51.09368842745223,0.24305422604084015,0.15892484342379953,-15.0,0.8410751565762005,3.126654172913795,0.7396764399783559,0.3597197500058095,2800.5749074175715,0.3970433175563812
112,0.044359166666666665,0,255,73.91769130270211,63.0,59.90527642614521,0,255,57.916450562465776,47.0,51.99958936797503,0,255,57.844365527145534,45.0,54.86631157014962,0.32758784743974795,0.14142243164871582,-70.0,0.8585775683512842,3.1577885902168537,0.6262550325628056,0.2918482279132001,2896.2480333574904,-0.07385735213756561
113,0.028797333333333335,0,255,56.54654328810803,28.0,58.172583020748064,0,255,46.63103040193517,17.0,53.53472423656147,0,255,40.960098725994854,15.0,50.85080148264778,0.40834338324410574,0.09333725792087422,-85.0,0.9066627420791258,3.154566039960457,0.720002082258721,0.43018776264425557,2933.3839502577252,1.0164315700531006
114,0.018531333333333334,1,255,59.93349264226527,40.0,50.24050330975565,0,255,48.02244412572667,29.0,43.60283908768056,0,255,41.48131229796016,23.0,41.18410911351189,0.26554433434410435,0.24646357196206692,55.0,0.7535364280379331,3.1093289265066386,0.8023685735216497,0.37348715145264505,1992.0290200822008,0.9119652509689331
115,0.014578666666666667,0,255,48.26710921492929,27.0,46.35305901592751,0,255,35.07102013756526,19.0,35.57286178136981,0,255,28.618709332662746,15.0,36.451976585337,0.4014488899544494,0.16307438876365532,-80.0,0.8369256112363447,3.133115438139669,0.7820331911771272,0.3163544169209527,1440.6002722086437,0.7574766278266907
116,0.028987666666666665,0,255,44.077602115611256,29.0,41.993676232619784,0,255,34.13222426629107,18.0,36.93137279314694,0,255,23.38229900255828,14.0,29.640123282642264,0.3584201545046087,0.17830541386505916,-65.0,0.8216945861349408,3.124055696032161,0.8123275805423873,0.39905194962196416,1356.571339519414,1.1844794750213623
117,0.03543516666666666,0,255,79.33456980707483,75.0,55.04162380928723,0,255,63.97230455582767,57.0,49.20208326343247,0,255,44.21107135844766,35.0,37.78040780347957,0.30641976633379536,0.17260982912601308,85.0,0.8273901708739869,3.1537412876480078,0.5897647774006365,0.32911598560896727,2352.189139986409,1.6809413433074951
118,0.037257,0,255,51.758901956593846,30.0,49.955843913512055,0,244,43.746473166681135,19.0,45.50745746521498,0,255,43.75219000932771,19.0,46.82453235892519,0.2745405484552253,0.1507328464502593,-90.0,0.8492671535497407,3.119328214366765,0.7037208804772824,0.47073067808340235,2174.757373370997,0.5907599329948425
119,0.015522,6,255,98.8688722135446,95.0,59.259336790210725,4,255,85.03921837007455,76.0,59.949764845537416,0,255,76.41637279056161,62.0,58.265835718695996,0.19976635514018692,0.23226024451680283,-20.0,0.7677397554831972,3.0274733700119847,0.49407176682067433,0.33938804094755326,3462.9494694220666,1.1193854808807373
120,0.02839925,4,255,92.2317377728476,73.0,69.92036892112867,0,255,68.9842190058634,52.0,54.79454699450997,0,255,50.79190510567617,40.0,42.856446434589486,0.28076372959817103,0.1913804550674706,90.0,0.8086195449325294,3.1382296166262416,0.5098725039513217,0.37736806769696446,3139.653057752865,0.9700062274932861
121,0.018408125,1,255,52.29249176410962,42.0,41.00086113388543,0,255,40.401757593309924,30.0,33.47078477897957,0,255,38.7215364008254,25.0,37.71735836982524,0.3026737512326708,0.2625263873665409,20.0,0.7374736126334591,3.1047570481262454,0.7290845294102459,0.40279792342361254,1250.786732242107,0.49957314133644104
122,0.027151333333333333,0,255,86.95851583990755,78.0,57.752984471976575,0,255,65.34453418563469,53.0,49.42736551299487,0,255,54.420848121268264,38.0,47.91527038223314,0.23670310758601473,0.13089896975739446,-75.0,0.8691010302426055,3.027507069959778,0.5768709027944016,0.593917520460562,2507.9829083112268,0.8198677897453308
123,0.0302785,2,255,113.04927750457968,115.0,76.31723080021888,0,255,90.65198553770477,78.0,71.51084069571672,0,255,83.89992003622456,62.0,74.75797722572514,0.18375380618180265,0.1893031119131271,-80.0,0.8106968880868729,3.102327414197326,0.6802560155790403,0.417865033453262,5193.740937761649,0.3658517003059387
124,0.032656375,0,255,71.9204046469096,73.0,51.89979323787316,0,255,66.45604272973418,69.0,49.85480291622842,0,255,54.15110491001682,47.0,49.194866125287795,0.2579787234042553,0.22114879074658256,80.0,0.7788512092534174,3.0671584773740195,0.5610318826598948,0.3504424461732483,2464.1157718232275,1.7898788452148438
125,0.038882208333333335,0,255,65.18635310351034,52.0,54.547796893402605,0,255,54.285437889619395,45.0,47.583973069563484,0,255,38.33772067496355,23.0,47.57508322916196,0.17685272216796874,0.2002615966330603,75.0,0.7997384033669397,3.071488544837588,0.5949881328547321,0.48896293063555235,2351.1120598240836,2.6384425163269043
126,0.04084775,0,255,78.7284812914488,58.0,67.66051977672478,0,255,60.945583280991265,37.0,59.084765422824965,0,255,54.36576196458142,27.0,61.002049391858044,0.3323529787082409,0.048967181163040885,-85.0,0.9510328188369591,3.0599204215721167,0.8655407472530632,0.3627969749846502,3754.5337008399883,1.2418007850646973
127,0.032170333333333336,0,255,87.2684199008351,87.0,52.73622366127044,0,255,73.99269665613033,71.0,50.63707913181329,0,255,56.567730097416764,50.0,42.231834756119994,0.32395384280940664,0.16297866260240046,-80.0,0.8370213373975995,3.136482706528814,0.5895952960722721,0.242203193348726,2377.259713792237,1.0924445390701294
128,0.04239645833333333,0,255,56.293399142878464,39.0,53.218419100027475,0,255,46.38895130276973,22.0,48.531662193721274,0,255,45.93402285395545,18.0,52.05405539144434,0.2603894444138791,0.2273516108187944,-85.0,0.7726483891812056,3.119625914446237,0.5666795881475082,0.43722418886836556,2468.113666630977,0.8522773385047913
129,0.030271125,1,255,86.15179206611525,92.0,50.59929254354801,0,255,66.32875300489452,63.0,45.54426113628404,0,255,53.583661629956616,51.0,38.5896138100753,0.21672339741520316,0.1550056130913382,40.0,0.8449943869086618,3.0355760342548117,0.5251892671192642,0.5029870003849515,2082.028001217454,1.3219959735870361
130,0.02017875,3,255,75.035300796895,61.0,56.05836163818861,0,255,56.88340352615715,42.0,45.47665993575057,0,255,49.10739708493332,31.0,46.40847734266129,0.26354536246427723,0.15104286236597542,-80.0,0.8489571376340246,3.1134473369204736,0.49958473817221727,0.39193275900896646,2199.680843412938,0.8183586001396179
131,0.03304125,0,255,65.05842442185217,30.0,69.45634934022016,0,255,55.88113878195874,19.0,65.70575869285604,0,255,53.47739420219319,15.0,65.23610711236499,0.3649425287356322,0.1765156280778004,5.0,0.8234843719221996,3.1500018329705117,0.39890345037679364,0.41920168218795806,4400.123293241395,0.3910318911075592
132,0.030832875,1,255,60.99393741226002,49.0,52.0168349297564,0,255,48.53557902644596,31.0,46.83908030936504,0,255,48.81981535252049,26.0,49.973877976638455,0.24748360611267645,0.1671860978808587,90.0,0.8328139021191413,3.1141914995126667,0.5875423340191359,0.4120162878556728,2298.8559653569787,0.03012682870030403
133,0.03890025,0,255,89.08284209715782,82.0,59.65424513148282,0,255,81.91312285039612,69.0,59.892188498869366,0,255,69.22869325473555,51.0,59.8154574769859,0.249789869665929,0.21362485048898894,85.0,0.7863751495110111,3.0836723699314184,0.6557947596045192,0.4150995664352072,3482.700921659101,1.4709640741348267
134,0.038781333333333334,0,255,68.19375821125443,43.0,64.73046571258165,0,255,55.562805152505085,28.0,58.8518963511587,0,255,52.64299103972878,23.0,59.83669238991258,0.20338707408685794,0.18712051417039577,10.0,0.8128794858296042,3.0707199108447267,0.7850894887346511,0.46358896847521325,3592.1527792277257,0.6067605018615723
135,0.020028,1,255,99.68597006108836,99.0,70.1905275521078,0,255,84.2401581599862,79.0,65.87525039875264,0,255,71.15607794849609,47.0,65.6061906517886,0.24676298880362296,0.1798925386154101,-90.0,0.8201074613845899,3.051518223549473,0.8177399534988313,0.4182701599564641,4321.233031641324,0.4934719502925873
136,0.035679375,1,255,59.07981428978454,47.0,48.69783282028797,0,255,44.63280428964441,30.0,43.03441133153332,0,255,44.94918541595632,28.0,45.08320000303658,0.3478732638888889,0.11564191449248917,-80.0,0.8843580855075108,3.1426899657240446,0.7331783695162374,0.3291752065227775,1952.3942956289914,0.46567389369010925
137,0.0216115,0,255,90.2909669820775,87.0,61.336721940655096,0,255,71.04766667875624,61.0,55.52006291326168,0,255,60.09083985057276,47.0,49.93937410909143,0.3290938845105991,0.11061884070318939,-85.0,0.8893811592968106,3.1626442489055937,0.4907220937679211,0.3176943109307937,3077.9731033582043,0.9694304466247559
138,0.029323125,0,255,54.92474267082466,41.0,48.73777561765222,0,255,40.49898062838754,24.0,41.52686761059363,0,255,31.135001740390557,18.0,37.4936020243948,0.27139514741443455,0.0912007913442634,-85.0,0.9087992086557366,3.1067161887836936,0.7867893890012865,0.43610977223201197,1765.1098145339458,1.008345127105713
139,0.024273375,7,255,105.68615619079002,92.0,51.09241941932275,4,226,93.30324093143312,86.0,44.6706375748313,0,255,81.02453524452865,66.0,54.12337530285895,0.2391705205095168,0.14777570037986698,75.0,0.852224299620133,3.030121214741142,0.7784399295618563,0.36226367763386647,2064.3754918637073,1.1174618005752563
140,0.021783875,16,246,135.48321581631774,140.0,45.1416595456497,10,231,118.7437727456144,120.0,39.98867421599862,6,255,98.21512402873955,98.0,44.70518668228036,0.3294757968383216,0.17039060342446843,-80.0,0.8296093965755316,3.1116954413256708,0.6174828345256711,0.23914705599035876,1554.978928285904,1.2106937170028687
141,0.02043954166666667,6,255,125.05034795455704,122.0,62.46581104614125,1,254,113.74472260430996,114.0,52.062098421972664,0,255,91.94988435478119,90.0,51.17268706431703,0.21857839917379712,0.19950321095359258,-90.0,0.8004967890464074,3.1172558724922155,0.4873952634835997,0.2973878682528696,2806.452965122967,1.1412209272384644
142,0.0185875,15,255,121.81139619529164,115.0,45.29006774991186,0,222,98.07807317160633,95.0,38.09039560115616,0,255,95.06190719523784,91.0,46.541146547401155,0.22892410511025157,0.21085903274265982,90.0,0.7891409672573402,3.0615054663487005,0.6933440438462433,0.36412796947172005,1519.0957165471361,0.10617978125810623
143,0.008538125,3,255,129.0610387962999,123.0,62.119539997024766,0,255,93.23781761055385,96.0,48.10570442631319,0,255,85.39271496038405,66.0,59.45170054193791,0.29325545461554275,0.21372867099254989,-90.0,0.7862713290074501,3.120102975881075,0.6665621888518626,0.20540512805397448,2592.5693354057,0.43612974882125854
144,0.00873025,3,255,125.80354138366579,114.0,56.07574952717906,0,255,87.35522032363384,81.0,44.5476873592733,0,255,74.39524320202092,52.0,58.37750675132231,0.3251001694623162,0.13962047672454914,90.0,0.8603795232754509,3.1246398963678224,0.6686474072674049,0.18101499786822958,2175.1906660592103,1.0058519840240479
145,0.007945208333333334,1,255,117.03547497457085,109.0,52.965985646447976,0,255,83.19985214391326,77.0,45.2337414179501,0,255,66.3730167884819,50.0,51.835285735454356,0.34651037925047895,0.2037110564069986,55.0,0.7962889435930014,3.1671939979899344,0.6211633850269763,0.15510664075517552,2039.6351215949596,1.0798869132995605
146,0.02707825,7,255,116.16596608917746,105.0,57.263213001336574,0,234,96.80337108040742,95.0,49.90752506967998,0,247,63.8051420131089,55.0,42.55356552667987,0.2968072271966315,0.15489930359495574,-90.0,0.8451006964050443,3.1504943687129763,0.49956722949496046,0.17351762934219603,2456.029509326618,2.872117042541504
147,0.02157225,13,255,157.32243761321544,153.0,59.175154178492676,5,255,117.26239528173991,112.0,50.1425826722895,0,255,97.42463954516838,84.0,60.654506179364134,0.2789680706297798,0.12016859474486596,45.0,0.879831405255134,3.1125921840153077,0.8107098436385365,0.20213178125833717,2526.5650557230915,1.489338994026184
148,0.028808875,5,255,115.87794201226046,117.0,50.11744924244048,0,194,65.67817657785857,60.0,40.360587450003884,0,194,42.764866064778865,33.0,29.99319609984893,0.41271242587204154,0.11101608979296962,-85.0,0.8889839102070304,3.153170067237722,0.6868955094963722,0.14565358700273087,1311.1650275307472,1.9063090085983276
149,0.015237666666666667,12,255,137.9541811417786,128.0,55.84537738596861,6,255,119.97117104795251,120.0,51.82198380252628,5,255,99.60639275651722,83.0,54.26134341928703,0.2140807791501897,0.13202149641437033,80.0,0.8679785035856297,3.0875478721335856,0.6649707618968524,0.400642383027908,2615.2735960757027,1.1209660768508911
150,0.01668425,0,255,94.97557589995681,90.0,48.19326941242721,3,254,75.77348226300533,69.0,46.18691879759356,0,255,81.75385909768391,69.0,62.426896057130776,0.2701114953732958,0.23119334291761517,-75.0,0.7688066570823848,3.105826832379744,0.6434264111626561,0.3094893807484661,2250.843222434069,0.37628600001335144
151,0.014178833333333333,4,255,109.60104535769362,97.0,60.979357305093416,0,255,79.17414976397048,64.0,54.53790252491898,0,255,73.10209306979647,53.0,59.06793902270332,0.39554463704427084,0.11404515882127819,-80.0,0.8859548411787218,3.1542767331876007,0.747048853468167,0.11152010865641024,3119.9671924564627,0.7754353880882263
152,0.029318,13,255,120.13983772185355,120.0,55.8522078222901,0,255,91.60905603001152,90.0,49.73957296606601,0,255,83.14175322922144,75.0,49.09065515560854,0.28614835075406364,0.2007323357227755,80.0,0.7992676642772245,3.089755802366858,0.7130987650762186,0.2623857680825429,2491.7060128909648,0.9570673704147339
153,0.033310875,1,255,136.14662245243863,142.0,57.018964819344795,0,255,109.03711718563346,113.0,51.975508199797446,0,255,94.96773495479967,92.0,49.827778461811896,0.2194565174191497,0.236224098990929,65.0,0.763775901009071,2.9976334805936817,0.7733391576501962,0.3090411461177123,2695.9594657858424,1.2925676107406616
155,0.007896625,13,255,167.40777175289054,195.0,69.90458030070852,2,255,162.09094121866823,182.0,73.4371919212845,9,255,165.40869482656765,198.0,76.84174652029277,0.2615112953997673,0.056785831254881236,75.0,0.9432141687451188,2.999573886462883,0.8859075604724743,0.330813209517953,5150.322879281986,0.4737713038921356
156,0.015433791666666667,3,205,81.8244010666897,81.0,47.471116580709975,3,182,68.40137168953716,62.0,43.55404692033588,0,157,56.91289690465651,45.0,38.91481090037305,0.34341785825532056,0.12346571225365366,80.0,0.8765342877463463,3.0758484985487082,0.7788873903532763,0.27527310563729274,1820.5107124855595,1.5681588649749756
157,0.037792208333333334,10,255,112.34423137551451,122.0,57.54475985546897,0,251,75.78151518024265,77.0,45.01636070830736,0,255,106.8150691273703,111.0,64.22649974352207,0.2203291614325211,0.1630472661028477,-20.0,0.8369527338971523,3.071310365303805,0.5729553150056542,0.33043537208264384,2460.3688364179256,-1.4982713460922241
158,0.018113875,2,212,80.9216164747768,76.0,43.57418045126868,0,191,57.68751466198096,51.0,35.7562323444215,0,230,69.71555526934347,54.0,49.254865713464646,0.19072602771577382,0.22077334809892946,50.0,0.7792266519010705,3.0333092340287964,0.7604805893184049,0.3953620499792416,1457.7165752989981,-0.4564991295337677
159,0.02211375,5,219,79.10992155592061,81.0,39.78784315799321,0,187,57.25232280379184,53.0,33.869629687528985,0,236,71.93639888173858,66.0,47.754895886039506,0.2223002578272964,0.18520536881277327,70.0,0.8147946311872267,3.049796077717374,0.7422668082814238,0.33129402587834517,1253.8625308731202,-0.058482833206653595
160,0.032661625,7,255,104.82433747571775,110.0,59.93279900717205,0,255,73.1179756865036,69.0,48.018109443997176,5,255,104.92152641104886,98.0,63.653123275227536,0.2405881848941554,0.306800658407693,45.0,0.693199341592307,3.0908856161064544,0.5964552266949227,0.29252077466341925,2706.415542435764,-2.155846357345581
161,0.021076625,13,245,120.70921004516569,123.0,46.480459752880265,0,219,66.45621300020754,63.0,32.47914918996773,10,255,102.71959914214838,91.0,57.81635249686406,0.27189549763997395,0.246099151989563,-80.0,0.753900848010437,3.1205965537075686,0.6661938442713121,0.25167736165898236,1372.7602486676549,-1.2491251230239868
162,0.01761625,6,251,135.89533548228533,145.0,49.021243790653415,0,223,84.14646982644534,84.0,37.18463246151863,5,255,120.01623530079026,118.0,53.05928734223698,0.22991407424278174,0.20841101168282372,-55.0,0.7915889883171763,3.084851328863893,0.7244663910952961,0.3191670121300195,1587.037319109534,-1.4065361022949219
163,0.026548125,12,241,123.74909182818048,126.0,41.19898295594303,7,205,84.94714078939519,83.0,31.523906896089787,10,255,101.23463015350224,99.0,43.764173545589415,0.2775773889878217,0.16820289855072468,-5.0,0.8317971014492753,3.1279064085231263,0.6431987063622386,0.2412898381005864,1126.2457840461745,-0.5940110087394714
164,0.034155375,8,237,101.31378525161387,106.0,47.746293033698834,0,222,86.94116061551821,91.0,43.81778491282749,5,255,100.83192162229076,95.0,47.84038362032738,0.22265932336742722,0.13695670770865687,-20.0,0.8630432922913431,3.0546524488016082,0.5168219749361006,0.34621594971355696,1982.88800425845,-1.1684317588806152
165,0.012401,8,255,125.3653700823898,119.0,44.09984509425233,3,235,111.13223345906204,107.0,42.93039003989704,0,236,94.14452307619966,97.0,36.0251981408906,0.22786458333333334,0.20142326732673266,-5.0,0.7985767326732673,3.0357564124907026,0.5818619982414228,0.3494966867678719,1674.3266049128033,1.3177410364151
166,0.013548666666666667,12,255,120.92159280280902,108.0,54.05117829578173,7,253,108.23951075827547,99.0,54.09764426759364,1,255,96.47919984749629,92.0,48.0426555904389,0.20923303975055627,0.13729011689691817,-5.0,0.8627098831030818,2.9357570005937137,0.490303533973957,0.4575790484817621,2761.405171289713,1.0784739255905151
167,0.015881458333333334,6,249,109.2199998426118,102.0,52.84852831837702,3,241,95.94046266883163,85.0,47.959348916353456,6,247,95.96454830899499,89.0,42.49210344382367,0.1971964793162303,0.1974224845192587,-85.0,0.8025775154807413,2.97142377886458,0.5333887429315622,0.4990981593427132,2287.363112417337,-0.15328407287597656
168,0.01920825,10,255,154.22034350457955,151.0,52.60054354201796,0,255,123.1550043268824,116.0,48.497631954826446,0,255,92.55686651296655,76.0,56.79265096680459,0.30392552089024255,0.2117076346544715,-85.0,0.7882923653455285,3.1271643812525847,0.716912531666412,0.2121451037733267,2435.803476166251,2.305854558944702
169,0.024756,5,255,142.42604640674224,133.0,56.914768029111634,0,255,113.20874619672043,104.0,51.69619966238868,0,255,84.44810206252188,71.0,49.37521794178766,0.26213838354114927,0.1508398885611275,-85.0,0.8491601114388725,3.0981328093972724,0.6320669801636383,0.2755547679798938,2641.423042183791,1.8958238363265991
170,0.013032458333333333,9,255,118.2800072861142,119.0,49.581835335840125,5,255,90.74483900244148,83.0,51.915930581458426,0,255,63.87579731819867,54.0,45.552074406328266,0.21580868112332446,0.23344445254056156,35.0,0.7665555474594384,3.0717850095301387,0.7882975350650804,0.30274364038051543,2370.9152205029686,2.4184226989746094
171,0.021322791666666667,0,255,68.5280983177351,59.0,52.377731199222744,0,255,46.79783513413181,35.0,42.67526105211425,0,255,36.221576366229655,21.0,43.28683943423641,0.40694106471994534,0.07987265895556794,85.0,0.9201273410444321,3.1299299293388874,0.7428528752094442,0.26503897269103116,1987.9407594998422,1.5508596897125244
172,0.020887875,17,255,156.86657225491174,148.0,55.37096798783532,0,255,123.72102124264485,115.0,46.79895798039217,0,255,93.07205146105515,74.0,57.950681106267496,0.3202081990038228,0.16075989782886335,90.0,0.8392401021711366,3.1413304271768046,0.5152409305408704,0.26123487761950237,2231.892994056967,1.5976155996322632
173,0.012898375,7,255,124.26988997926209,119.0,51.28321245151179,3,255,101.94346820510502,104.0,45.80822019127806,0,255,85.13144344882389,82.0,49.39369557478709,0.22782492470907997,0.20065789473684215,-30.0,0.7993421052631579,3.074072806918616,0.6256685071658115,0.37455984555797395,2164.8181210375756,1.9075658321380615
174,0.022444125,12,255,131.04566102393412,124.0,47.10563415041958,5,255,107.77706534592444,110.0,42.891158497543756,0,255,76.48763753348419,73.0,39.13288327193576,0.19372437492249503,0.21269481971192228,-90.0,0.7873051802880777,3.056899684133345,0.6009692563787472,0.2867561854488141,1801.0486999848497,3.390058994293213
175,0.030173125,12,255,132.93105348115643,121.0,54.5605236838787,6,255,111.19686577860506,99.0,49.6464776931172,4,255,110.54515264450794,98.0,55.248476027762344,0.24017955043859648,0.24661109269170656,-60.0,0.7533889073082934,3.0515225616297554,0.6964685821827342,0.2661889289196402,2603.0831655277425,0.5030450224876404
176,0.027643916666666667,5,255,113.51835053656936,109.0,48.61770483456435,0,255,102.55349812513077,103.0,47.263450418568155,0,255,92.22117887200763,84.0,50.10983238378495,0.19997007581922743,0.23799077465744134,5.0,0.7620092253425587,3.057307466209264,0.45063290611444945,0.36657819200954184,2179.33885118896,0.9729295969009399
177,0.02409025,1,252,88.55936802781093,89.0,57.330508555057996,1,237,70.75381794911708,62.0,51.996186308824875,0,255,62.4681073695498,53.0,52.923598634374315,0.28233529471017266,0.23279960966477975,-90.0,0.7672003903352203,3.1320092449774557,0.5952888134703843,0.1990067901458652,2723.3601372159874,-0.010113791562616825
178,0.026822125,14,255,126.3045137017263,117.0,47.45433073158007,10,255,98.99849941980672,93.0,40.265472090940705,0,255,81.62017923078955,68.0,50.34489333504624,0.3753483134104793,0.12897217446346243,80.0,0.8710278255365376,3.123751859371272,0.7883666300131785,0.15568313456710622,1715.3737415645649,1.4990332126617432
179,0.016852458333333334,3,255,114.57967983188084,114.0,70.22782560661629,0,255,104.6268125347673,101.0,67.79219350348347,0,255,90.02023858087645,82.0,68.27985913811682,0.2809419194903973,0.2223632327980154,40.0,0.7776367672019846,3.1134062956127218,0.7756748948498201,0.2930678680927595,4591.021032996956,1.333491325378418
180,0.015003875,7,255,83.9361212316442,76.0,49.06779075352426,5,237,73.54249605669473,66.0,43.73981715896582,5,255,87.8287605802768,77.0,51.010609956554234,0.11531007751937984,0.2516596758324271,-35.0,0.7483403241675729,2.8557752917705734,0.5548870012458587,0.5214199564590968,2035.752746319274,-1.1589937210083008
181,0.012524125,3,255,115.28253502588265,107.0,53.53832162183269,0,255,106.38058785201872,97.0,51.91366112461197,0,255,95.54267771604069,87.0,46.092800979780655,0.19057396975430577,0.1884013429752066,-40.0,0.8115986570247934,3.017343240821733,0.8330449480819225,0.39217018674149334,2526.195492506864,0.563427746295929
182,0.014082125,2,255,151.89896954796794,159.0,58.44236078020114,0,255,140.13110971074565,145.0,56.116671050174226,0,255,141.62204628898218,141.0,54.284531489752986,0.24277652994791668,0.11459951579851202,80.0,0.885400484201488,2.980497726889515,0.8727359368781252,0.395710833115249,3041.2498055544875,-0.48593106865882874
183,0.024415083333333334,32,255,162.51008810775664,164.0,44.82970814658484,17,249,140.527699419953,145.0,43.47753731353748,0,255,132.0375434949922,132.0,56.81821990132435,0.27348847565827544,0.20008718715198404,75.0,0.799912812848016,3.1074067693866705,0.5634232172306841,0.27981021569890624,1875.7304820828504,0.4220932424068451
184,0.02372025,13,255,138.1780387596763,139.0,44.34783151543099,7,234,122.6260005656039,128.0,41.26609623712374,7,255,123.3543561161631,123.0,47.29536331701245,0.22466416917405688,0.23098462712890577,75.0,0.7690153728710942,3.1175178898168734,0.711984694102666,0.30794233946888677,1688.7610360462525,0.05815168097615242
185,0.02372025,37,255,108.9229953118111,96.0,55.64845686713778,16,246,115.49717461527517,105.0,36.50526165374716,17,255,96.28964540850829,77.0,54.04095579407532,0.22466416917405688,0.23098462712890577,75.0,0.7690153728710942,3.1175178898168734,0.711984694102666,0.32208607739253486,1813.689093216304,0.8166021704673767
186,0.01897225,0,249,116.91971126475944,115.0,54.24086963712815,0,234,97.98974607465223,102.0,48.008739219312545,1,255,91.5524690687376,86.0,45.074367656342424,0.3326307131920332,0.1839230711441665,-80.0,0.8160769288558335,3.1444896260250115,0.44448637721839124,0.20716708128507522,2324.293688293286,0.4550926089286804
187,0.0105845,4,255,111.39740294500841,105.0,57.96437249172151,3,245,89.18324234325368,80.0,53.691917032860076,0,255,82.05447990017989,72.0,52.42828756507192,0.33067552971117425,0.1425786811999803,90.0,0.8574213188000197,3.059930363067193,0.7753028364950342,0.2433379039951848,2793.0284153238354,0.33897048234939575
188,0.037367875,22,255,215.19449830573865,235.0,45.71318990731523,26,255,213.31682074279897,233.0,43.73417619597983,33,255,218.48960529675497,238.0,49.95050329016006,0.16162457466125488,0.14620193980514962,40.0,0.8537980601948504,2.8326978262188387,0.9489735597283272,0.6236512247475947,1971.6394158505332,-0.860995352268219
189,0.03958004166666667,30,255,180.74024006955364,194.0,39.12354259379558,31,255,178.9608992293102,193.0,37.46406923143032,27,255,185.1413839997137,195.0,42.98854678556569,0.24305754583238978,0.1363300622559882,75.0,0.8636699377440118,2.8472309563901783,0.9527620996316171,0.4672742347541588,1432.194549419904,-0.5529715418815613
190,0.023845125,0,255,79.79023938493798,82.0,61.013427926518006,0,255,68.8477966101695,66.0,53.78952429229777,0,255,71.69200244626944,68.0,57.2158372981996,0.44862155388471175,0.08906684462240022,5.0,0.9109331553775998,3.1862189831877057,0.5989704169417033,0.21322418035326973,3109.137511466221,-0.0595456138253212
191,0.011769375,5,255,79.30314594093264,75.0,45.50446667573188,5,255,72.77753981542774,71.0,44.162287747892115,1,255,54.56005678057,48.0,35.30117145194753,0.18514313094917384,0.2098199885541855,-20.0,0.7901800114458145,3.0055157798263297,0.7152448989211558,0.4203947248561857,1847.662814436923,2.031841993331909
192,0.0324855,0,255,187.38082718820135,215.0,59.4376940449237,2,255,186.91432766912473,212.0,59.443060702138006,0,255,175.93841359410067,192.0,60.31988025907818,0.30516120230797494,0.1403789069320761,-85.0,0.8596210930679239,3.07425005042595,0.8119730703888959,0.3375805186012403,3432.8247613283606,0.6929179430007935
193,0.041817125,10,255,191.44914430134315,216.0,56.07439769772244,8,255,190.13033508838245,213.0,57.07668743392262,5,255,181.50384538279786,195.0,57.44981421215003,0.31827157757916746,0.13231810027252433,-85.0,0.8676818997274757,3.0877322314243645,0.7875250663443392,0.3262200607470631,3107.9686407412196,0.5686546564102173
194,0.022354625,3,255,143.83966991742344,133.0,62.00483185872561,1,255,110.47138520256507,94.0,58.785307229042246,0,255,110.49544999655232,97.0,59.54518923653895,0.16323951842292908,0.19219564135683587,65.0,0.8078043586431641,3.048204517549874,0.4997749589461538,0.4455238317748328,3395.1696569303626,0.35379987955093384
195,0.024717625,0,255,104.50602356835954,91.0,55.25941477300706,0,255,77.85258903031253,61.0,54.03211066647749,0,255,70.50124483146314,55.0,50.4708475419166,0.24538664115491762,0.2256963973253343,40.0,0.7743036026746657,3.1180647907819883,0.5958028296724915,0.2588132064428732,2820.8043238551813,0.9554741978645325
196,0.02660525,3,248,90.89713931341643,93.0,53.04130635387575,0,230,55.40740705939836,47.0,40.96566604507739,0,249,80.84838689975616,77.0,49.572317405416264,0.22316843398073885,0.23256016742239272,-50.0,0.7674398325776073,3.075044233144359,0.6438201000774117,0.2985577801398204,1901.9835745352618,-1.865558385848999
197,0.023532875,0,255,70.2569709642835,57.0,54.402032489556994,0,255,47.170985548595176,31.0,42.63101399772104,0,255,57.46260621472431,41.0,50.68968642337032,0.17780677508061707,0.15950390258222535,70.0,0.8404960974177746,2.9870937255552286,0.4604709267643389,0.585856387360526,2135.808548281917,-0.4372917413711548
198,0.02349525,0,255,63.247954417288234,53.0,50.86958284261732,0,255,40.83892299671217,27.0,38.72865953066439,0,255,50.63666301352372,34.0,47.043802375827354,0.21495702643143502,0.2471433734148104,-5.0,0.7528566265851896,3.0620446910218138,0.6678912202984634,0.4743119146667387,1795.4059879657943,-0.3369401693344116
199,0.03651925,0,255,73.70861245874418,65.0,52.851907575233966,0,255,60.3051915615741,50.0,47.79246773216515,0,255,49.69989370995591,33.0,47.41374963235202,0.16046537835913968,0.22607215301327366,-85.0,0.7739278469867263,2.9994249543164346,0.7455430921170009,0.48336909771158615,2372.719496972998,1.6737785339355469
200,0.028376708333333334,4,255,140.88059142721235,141.0,83.3155613127318,0,230,74.5663102012532,59.0,50.70289510573032,0,255,91.13554347762255,89.0,51.53460285702659,0.31063973563058034,0.164166281460701,-70.0,0.835833718539299,3.1045321276920923,0.7686693947244877,0.3383188878050203,2664.962621689975,-0.7305107712745667
201,0.020289625,0,255,63.19197795405589,40.0,64.62874013166312,0,207,36.0847976212722,19.0,37.046277971930806,0,234,42.038533172615885,26.0,43.64270786590721,0.1894046804292606,0.21747889689779076,70.0,0.7825211031022092,3.0860030042082016,0.6728227667262858,0.558131278385699,1792.9533151929272,-0.8106482625007629
202,0.03662225,0,236,81.03525642484287,97.0,54.42803453729337,0,197,61.553980285164265,66.0,41.67275473105017,0,206,58.71253293770167,59.0,40.749021837562644,0.2167449139280125,0.2335578403939177,15.0,0.7664421596060823,3.097275535666621,0.4951450623374191,0.3799175707706773,1995.2557260715212,0.7221059799194336
203,0.06901879166666666,4,255,116.35957218965497,117.0,52.18913002474859,2,255,105.57688067509872,103.0,55.41983164759429,0,255,81.4149897621204,79.0,47.73642711867998,0.31105806033921124,0.1253418520254339,75.0,0.8746581479745661,3.0304912797233285,0.8638025853141574,0.28863917128155514,2753.3046308275657,2.2251956462860107
204,0.03745425,0,230,50.546216477493324,27.0,51.381399490197396,0,208,44.90880632231667,21.0,49.42014671872442,0,255,47.06890448553861,25.0,49.71728414422949,0.25178570217556423,0.2236493201267904,-40.0,0.7763506798732096,3.1201497593867775,0.7387875423731317,0.5170174180135308,2449.108489457238,-0.5746866464614868
205,0.034826875,0,225,61.444168191701344,47.0,49.53137005537899,0,201,57.85716710515149,39.0,49.476259308911544,0,226,50.10669226254583,34.0,45.70594404119882,0.2394581330128205,0.2120796386146897,-80.0,0.7879203613853103,3.1445139978445797,0.6713574619190144,0.3425658287875204,2288.7257067086416,0.4910362660884857
206,0.021623041666666665,15,255,140.18338357637165,138.0,55.127345731295065,0,255,112.8306314524614,107.0,48.45585307068532,0,255,105.6612322416572,99.0,54.407251054619735,0.2327780512920824,0.2006128150000731,-65.0,0.7993871849999269,3.0438104453730666,0.65798654513801,0.3499871748101183,2459.8091164822613,0.5695679783821106
207,0.0633095,13,255,187.231731274857,201.0,55.810577883871375,11,255,170.20469962308508,184.0,53.60578462490218,10,255,152.6849676953564,166.0,48.71380366028685,0.16619320824032738,0.1252456083584217,-65.0,0.8747543916415783,3.0079406737993692,0.7795783920434257,0.445925003211501,2841.1357788711357,3.8983571529388428
208,0.027100666666666665,19,255,155.25424125479256,159.0,45.78149720192646,17,255,136.09955816499468,133.0,49.94166779232677,13,255,127.12939969811345,128.0,55.07515094507995,0.24170212765957447,0.11338912392304601,-90.0,0.886610876076954,2.948454618707849,0.8861591218503422,0.4815842972641573,2342.725964457692,2.157949447631836
209,0.010833,0,255,64.54648917675657,47.0,54.56060908347618,0,255,56.38213664825613,36.0,50.02745485386406,0,255,42.2613770981092,25.0,42.45164340230378,0.3172514619883041,0.12428150147448391,85.0,0.8757184985255161,3.1635266021791897,0.46353921140730336,0.432027457731634,2381.458877750331,1.207669734954834
210,0.012324125,0,255,56.53047894760118,37.0,51.182471520078686,0,255,47.467245209333335,29.0,45.13379073401163,0,255,36.94698884530731,19.0,46.03774724228672,0.3566009104704097,0.14289506631223614,90.0,0.8571049336877639,3.1445633739890106,0.5215931236762653,0.41993994547880986,2055.2102801746973,1.1125199794769287
211,0.013546875,0,255,72.60917358955983,52.0,59.910541434454416,0,255,72.53419104417016,55.0,58.76007670969313,0,255,76.91840469475193,62.0,60.878061692209215,0.1791161073591428,0.1402705956254291,85.0,0.8597294043745709,3.0366562485635256,0.6529361768793175,0.5745555339668551,3470.3602135533924,-0.5443434119224548
212,0.006400375,2,255,72.46266150291275,66.0,49.45984264514448,3,255,80.82932274546816,74.0,54.57281032037614,0,255,64.79926449051322,47.0,54.52130420734984,0.3003970857650515,0.1759654833350286,0.0,0.8240345166649714,3.133537734672617,0.4839515870371593,0.22985050864870948,2647.9515497008842,0.3639990985393524
213,0.013624,4,255,117.57005859112203,113.0,52.04445390069039,2,255,101.40547135884921,107.0,50.80090358189473,0,255,74.79342654092204,67.0,46.896418760284945,0.19679623858659392,0.2432772175459066,85.0,0.7567227824540934,3.0503633639967176,0.6203627438136898,0.2389389360078802,2352.9292036448487,1.8900278806686401
214,0.03511875,0,255,64.97819576250781,60.0,51.635518882797925,0,255,56.22387921617188,43.0,48.025367666883845,0,255,46.83875207124244,31.0,47.179775436426624,0.2705192629815745,0.2607298557884823,-55.0,0.7392701442115177,3.107245489153404,0.6057250620870314,0.3812542203317044,2329.7175693282934,0.863106369972229
215,0.016076375,3,247,69.99090826627273,51.0,57.365808444168216,2,255,58.9332192979046,43.0,47.979850328634974,0,255,45.41835970402623,31.0,41.08982241752785,0.3210564482983925,0.16221795291039898,0.0,0.837782047089601,3.1310579030390087,0.44997707415408084,0.2962671510091101,2293.7222103569175,0.29041552543640137
216,0.0360285,0,255,115.65469842316166,119.0,67.87479145674853,0,255,94.63829282818996,94.0,62.417306582670825,0,255,84.80200068231362,72.0,62.91032751615942,0.21246453936431786,0.176290825888187,-90.0,0.823709174111813,3.078506794835179,0.1704341072035745,0.3374247422091172,3978.055628777709,0.8693745136260986
217,0.02317775,3,255,114.63359368680287,115.0,54.78642501498963,0,255,97.71041983120466,104.0,54.35289745773098,0,255,75.56365956911351,63.0,53.27421736918164,0.2711811148243033,0.21569675998741744,85.0,0.7843032400125826,3.1062875889711323,0.6414056269326887,0.23690385654384324,2743.670984899372,1.6935263872146606
218,0.019377375,2,255,141.6446498629548,146.0,64.15158662727768,1,255,118.02988122749503,116.0,63.1365108202136,0,255,98.93994088246359,93.0,61.66060311059679,0.2129059987328596,0.1895673651230907,-20.0,0.8104326348769093,3.042769022816516,0.5102859114793012,0.3877236237723192,3784.1631013431156,0.9808251261711121
219,0.04788425,0,255,89.93957054787606,80.0,63.12056246889601,0,255,74.28204530185573,62.0,57.887977519828404,0,255,65.71618199413102,48.0,58.02691801495075,0.2903972620275058,0.112412230937464,90.0,0.887587769062536,3.116273374374855,0.720176845413274,0.2595877985227837,3461.465388136811,1.0599019527435303
220,0.043416166666666665,0,255,86.24973896954388,73.0,69.1557852967155,0,255,76.09056317320906,58.0,65.67384271858339,0,255,64.88385008406716,43.0,64.15697621731051,0.2936192327366644,0.14879579351548067,-80.0,0.8512042064845193,3.1104738027754237,0.7890587904148667,0.26476603773347807,4359.414641647536,1.7499529123306274
221,0.038485875,0,255,94.69834378795981,81.0,65.11806785389338,0,255,80.73954880185,64.0,60.95054038114108,0,255,69.59070299694481,48.0,62.48451628133903,0.2829224870011613,0.21128211229622162,-90.0,0.7887178877037784,3.109171008870775,0.3969718703285403,0.3415711189603636,3779.8193400625605,1.2440472841262817
222,0.0401345,2,255,111.52208312094406,106.0,68.45652256617664,0,255,95.65807627742417,87.0,64.46095169121233,0,255,84.60753680001079,65.0,68.33650234159933,0.23455444971720377,0.2484117368495501,-80.0,0.7515882631504499,3.1151242071215806,0.5512869995358849,0.3571232421738009,4219.553785776342,1.05338716506958
223,0.007721125,18,255,143.71589553728998,139.0,59.16890176264559,14,255,136.40988499171573,131.0,57.78201564907314,0,255,125.04441122342693,125.0,58.55498722084979,0.45962937260086917,0.04280155642023342,90.0,0.9571984435797666,3.187075833267281,0.442390663267474,0.09965635747394964,3307.406437615818,1.6516976356506348
224,0.022474,11,255,136.77090590881028,136.0,47.92917700631625,12,254,127.46885782035334,123.0,43.61535928857308,0,255,106.50591140585226,104.0,47.028347111548506,0.1927274974173892,0.07750929286457209,80.0,0.9224907071354279,2.902250242625251,0.9126885779838989,0.5281222583915387,1995.0548192050255,3.905874252319336
225,0.032730125,15,240,106.06038697809043,106.0,35.35617470221026,8,236,87.06612361998283,86.0,39.827129202937556,0,246,74.34407876130321,69.0,42.36542526275013,0.19021047447806588,0.3401340444286861,65.0,0.6598659555713139,3.037842970675461,0.5525430366961781,0.43354966099787373,1440.7000153562433,7.269949436187744
226,0.02533125,1,255,86.69553559678906,80.0,62.36517489182101,0,255,83.51134853270167,72.0,64.12608876329321,0,255,68.93354882221345,53.0,59.709958159875015,0.29386262265508045,0.21227605727605725,75.0,0.7877239427239427,3.063772577611513,0.7076143517350864,0.38360173941000925,3864.91867454444,1.2269775867462158
227,0.029271,3,255,85.49354244986911,72.0,60.75407725366529,0,253,71.55229170788785,54.0,58.14971472964742,0,255,67.54201998260525,55.0,55.42567981820382,0.23132340626050069,0.1815881423511696,80.0,0.8184118576488304,3.1095712131560354,0.5565463034262629,0.3764497216054511,3354.6746600015395,0.3878129720687866
228,0.0130305,2,255,91.38166574469922,97.0,66.08724032888216,1,255,77.06611625743037,72.0,61.519334897417764,0,255,79.05438115733028,66.0,71.49639044803078,0.2573670212940503,0.17945373689101285,10.0,0.8205462631089872,3.1009072395414403,0.6712320549430779,0.4162591242171405,3929.7238972425776,0.5082409381866455
229,0.026777,0,255,100.58192421821147,97.0,43.7701522940067,0,250,80.20700338125388,83.0,38.25304211980186,0,236,54.82732109152415,51.0,31.026871741877073,0.21790953742133246,0.23921094008606425,-80.0,0.7607890599139358,3.062887283743799,0.5574930974089274,0.287373733941656,1416.3110173713821,3.7043142318725586
230,0.026699625,2,234,83.80093539763763,76.0,56.36763387478634,1,223,73.23899612513792,63.0,52.236792712647755,0,255,77.4372539197281,58.0,61.88423699150049,0.3179597298859994,0.12347195997128158,-90.0,0.8765280400287184,3.090914865796279,0.8098730925254438,0.3297332340274594,2922.521831392803,0.43910685181617737
231,0.017302416666666667,14,255,148.10265857535038,154.0,48.968933869207234,7,242,124.11389250108365,126.0,46.14389920388488,8,255,121.5340172422097,113.0,58.61798339952503,0.29073689057190083,0.18043194154289366,25.0,0.8195680584571063,3.119508777094716,0.7408122150245319,0.26782732850332985,2219.0345488191224,0.35419413447380066
232,0.008178208333333332,17,255,149.51039851639,157.0,45.5925164998537,10,255,128.50910952832209,138.0,45.69905499646456,4,255,115.63717788035338,119.0,43.14931833621659,0.38268350609598706,0.12725301908030962,-90.0,0.8727469809196904,3.125100549887468,0.6846872919034045,0.1183662585245564,1990.676352010234,1.9719539880752563
233,0.0129755,4,250,102.01200315974029,116.0,46.67963139990909,3,235,93.91468380119325,107.0,44.53264811656441,2,233,83.52442376484339,86.0,37.24224777421259,0.25158611635100747,0.09898781490618225,90.0,0.9010121850938178,3.0456626597754726,0.7943247383328828,0.36732735998682325,1935.4397569777993,0.7809509038925171
234,0.03939170833333333,7,255,121.85409639255134,123.0,55.30799123179568,8,249,112.36629381058911,120.0,46.37468510190334,4,255,93.6615418788773,92.0,40.50772031231789,0.18447566060894563,0.1439858172428412,-80.0,0.8560141827571588,2.99773659838593,0.4796896308472602,0.4997884132332656,2184.194011370743,1.5966688394546509
235,0.007349916666666667,2,255,83.38838782093072,82.0,53.31500600725954,0,255,80.85128202221075,75.0,54.211093852223776,1,255,71.8539293994932,54.0,58.6292588012036,0.16172384990126554,0.14600961113240363,0.0,0.8539903888675964,2.951517938300883,0.6578784763843684,0.5092903471588452,2839.5192577141975,-0.18240715563297272
236,0.1181235,3,255,56.33527609482717,24.0,63.37186905569067,0,255,34.13410098456138,18.0,42.000798399678615,0,255,26.87940780989415,14.0,43.2808996453561,0.31277576957161973,0.19069837393743505,-20.0,0.809301626062565,3.149047699731992,0.6733981469849649,0.4181149611261549,2031.0083815133746,1.1539747714996338
237,0.0686645,0,255,115.06074564743676,105.0,78.50033168521725,0,255,89.37333769434147,71.0,68.06060341673802,0,255,72.4302785846789,47.0,64.39497801245734,0.355346924898135,0.015122914888350714,-85.0,0.9848770851116493,3.0241073415671784,0.8948889050008669,0.3863223369243814,4756.2380750895645,2.842970848083496
238,0.07400491666666667,0,255,79.10468896385846,61.0,62.96621184696843,0,255,66.19812761242433,49.0,57.87453048789693,0,255,59.510274597326315,42.0,57.033764673840004,0.15510662985562768,0.127028007855862,75.0,0.872971992144138,2.8215449944515583,0.9417691159188573,0.6407401640299026,3328.4413739478546,1.0139734745025635
239,0.022765875,2,226,92.28971237399433,98.0,51.08945972814828,0,218,72.56514776612177,72.0,46.22124063936398,0,233,59.037111734174715,53.0,42.25968535673101,0.1970463314571896,0.19108915549282524,85.0,0.8089108445071748,3.0002759347723065,0.8127524239812247,0.36736413852542793,2129.828847947214,1.302689552307129
240,0.02347975,3,236,93.43870103367198,84.0,55.59061821749755,1,231,75.83608180648596,64.0,53.87960648629098,0,245,59.99813317953951,50.0,46.70081717207388,0.1722808228069342,0.15749184416237627,-15.0,0.8425081558376237,3.0059256636806233,0.7295207733428097,0.4205078094222377,2766.8639349002137,1.3742011785507202
241,0.020355916666666668,3,220,94.15071782087023,99.0,50.09547143966169,2,210,73.51186134001416,66.0,45.76623351950431,0,214,54.52845698191837,45.0,38.62373678692483,0.16392871846004026,0.21890270303705073,-65.0,0.7810972969629493,2.9924659441956694,0.7222562629240821,0.4349749279418513,2041.8736304285628,2.124401569366455
242,0.02675120833333333,2,228,86.80242473705277,87.0,55.000063645419424,0,221,67.48655476451174,54.0,50.84481468246039,0,216,45.585321369552794,35.0,38.468573502476225,0.1746559114619745,0.23881865320916362,-50.0,0.7611813467908364,3.0365602111608148,0.5969762392145676,0.47716325177251456,2466.5221095164316,2.1004302501678467
243,0.024148125,2,253,88.77267354886354,92.0,53.073578292384084,0,242,70.71491106230039,69.0,46.6182201422178,2,255,81.3294654765746,80.0,51.08423592321379,0.3066430621676975,0.12040927612879615,85.0,0.8795907238712039,3.0944600914058404,0.8223542348368823,0.2668148379742285,2338.197771858407,-1.1209516525268555
244,0.006230625,13,228,113.50226365381143,110.0,52.716019743480864,9,218,88.22143014772264,71.0,54.187540762161774,2,202,63.12299297163913,39.0,53.01228019181602,0.15009623826152146,0.19554272887606228,5.0,0.8044572711239377,3.008868705685522,0.6472069981077677,0.3715565348231625,2809.2658191472524,10.264715194702148
245,0.007295375,2,255,75.54223349210156,72.0,37.89038531764814,2,255,62.235833647443144,56.0,37.472742341702876,0,248,43.96094187255137,40.0,27.6081140765439,0.17327893613681966,0.13778378175541295,-15.0,0.862216218244587,2.931470870685236,0.7396326188352127,0.5119032253355607,1303.3563852997709,4.015528678894043
246,0.00625025,7,214,98.70233048022826,98.0,46.79970094784498,7,208,75.14633495986988,70.0,43.467139538454795,0,204,55.65926725861931,47.0,38.47461658749384,0.1898928206096324,0.2038214533488636,15.0,0.7961785466511364,3.0785128352686852,0.776276010828967,0.29807480853131324,1847.0229539179818,2.547612190246582
247,0.020050375,7,255,89.27776507846788,82.0,52.397706367930226,2,255,65.28801619231281,52.0,46.71002579069586,0,255,56.712492934565766,46.0,39.26795526690598,0.203319812211834,0.22582277237449655,-80.0,0.7741772276255035,3.041454425593695,0.7525509674763777,0.3331395730987037,2187.83654486165,1.2513107061386108
248,0.0070325,5,252,79.89670657795736,60.0,54.35622310050382,4,239,60.23847835488859,37.0,52.16446045245886,0,233,57.19392621644519,31.0,51.85769309288257,0.15488725971971823,0.2516184025617988,55.0,0.7483815974382012,3.0267403985070027,0.6485227943658642,0.42813276043593573,2726.8531188179845,1.2976773977279663
249,0.01195925,6,255,140.45236768025865,141.0,57.82795131121008,3,255,111.76828715961983,119.0,52.95757449485156,3,255,103.18167660748627,102.0,53.475086790882266,0.19640633336882243,0.17828692863687268,-5.0,0.8217130713631273,3.0419410124331856,0.3895930358472373,0.33570662419597497,2883.875680850871,1.3988406658172607
250,0.023366666666666668,0,255,127.06018070258965,125.0,62.59174498681554,0,255,101.62548523477606,96.0,60.36106445788355,0,255,77.4290322408084,63.0,59.83914357067017,0.2384489988669371,0.2094625277737232,85.0,0.7905374722262768,3.0657851728108567,0.6874166098046317,0.27290875926244,3620.6280882181923,4.497649669647217
