image_id,ratio_area,hu_1,color_median_B,inscribed_circle_radius_norm,color_std_R,glcm_homogeneity,color_mean_G,glcm_correlation,glcm_energy,color_min_G,color_min_R,hu_4,hist_entropy,color_mean_B,hist_mean
1,0.0074280416666666,3.0983736194873175,24.0,0.2717740073132871,48.450795835727526,0.9213250394889292,56.20405251607774,0.9453881680121592,0.3079178861751585,3,5,12.197031238088412,7.033988726701457,40.84965611879829,58.36042997402512
2,0.008553,3.039440821396092,20.0,0.2139431817190987,42.70077711831651,0.9465459264075612,53.661412010642344,0.9485184979277084,0.405030122738033,2,2,10.891305999801723,6.852545602411503,37.05339224629419,55.22863454960091
3,0.022093125,3.0910035727949627,52.0,0.2180087927616003,58.73154660121588,0.926295499492638,88.28275113858955,0.9754471713744268,0.3493517899001207,0,3,11.37710583662068,7.588564799685034,63.73992541981697,91.23875555289985
4,0.013187375,3.076024334171882,38.0,0.2174435879321808,46.47282061623455,0.939744313019992,72.26592027361572,0.9576025121696284,0.3485282545336914,3,5,11.73727120267668,7.086379402035986,51.57099377079745,74.80219658103829
5,0.009164625,3.010350606672214,65.0,0.1850021025713752,62.44917377886132,0.928426531407771,101.7843453484934,0.9614733955008848,0.3706440210016651,0,6,10.371430810145664,7.576044511554177,81.83031386357732,106.14513166500907
6,0.0059168333333333,3.0545888071066307,56.0,0.2597738674708775,49.63323254506914,0.936296995160288,85.08788751505753,0.9646965412196038,0.325148564122012,4,7,10.677961211159424,7.320909803923199,69.12392174238124,88.04945100591225
7,0.00565875,3.02844835020114,42.0,0.3016462326049804,41.92299050539221,0.9345978167689472,73.69607673943682,0.9525442704089842,0.2805677342713669,9,11,11.862087774705673,7.054785921888869,51.62678689561941,76.6429444588259
8,0.0074540833333333,2.9916656101902475,24.0,0.176408071196481,36.41593131110092,0.9697799514120414,44.206889761626066,0.9489088447408214,0.5167826265153344,4,4,10.863195610687086,6.556423544659071,37.93341610965857,47.12813556355362
9,0.0071994166666666,3.0284062831506064,61.0,0.1614856719970703,52.41577085782574,0.931832025803934,71.76341995367474,0.9725543559248884,0.3772043140634821,3,6,11.043040991575904,7.081945925213541,68.91613550419576,76.31354083892674
10,0.0157834583333333,3.080963505501791,46.0,0.2148470914816554,52.44351260411085,0.9201266694614428,63.901105996324674,0.9731484966376146,0.2991201088016061,0,4,12.591317100453546,7.108868277661044,60.90864486042384,69.37604397844993
11,0.0136309166666666,3.110382541107729,81.0,0.2552421145968967,45.65028860115855,0.8566646770405731,89.18204307465811,0.9660438866073052,0.1830453782402558,2,12,12.251351420546651,7.39164455531648,82.49232662887553,97.77970018493322
12,0.0180400833333333,3.067435441624473,73.0,0.1957014766308145,44.678992199877165,0.9320029611564132,75.6136315219209,0.980528169632513,0.2347056532761157,0,10,10.906834690647797,7.275017414000066,82.91649925437582,86.58556581536467
13,0.01632,3.0087252422474484,43.0,0.3425432411400047,48.09109087090043,0.9122856573259512,78.66999645392747,0.970105998391391,0.2250972579284683,3,5,10.52122902784708,7.37758979155646,53.17159470151375,83.65342296597531
14,0.0109960416666666,3.090829639011868,91.0,0.2038690476190476,52.026136562322144,0.8897599178304642,107.23164791618196,0.9825235978216712,0.2743936391748028,0,10,12.123752387514172,7.568965093005423,99.62619238822884,115.25629873687528
15,0.0159606666666666,3.018381418548249,82.0,0.1710789477238889,51.09270638702159,0.9109955043770924,94.55424976439724,0.9773874610443974,0.3965672066183188,0,9,11.081753488494671,7.470917960842782,80.89336491683859,101.56237996994471
16,0.0168067083333333,2.936872716818141,62.0,0.2197830366051715,46.5905839428827,0.932349640740033,87.1118133382326,0.9760944800385932,0.4245023541414101,0,13,9.852909041176382,7.311128922383249,66.89059219793006,90.75635250168412
17,0.0147916666666666,3.058089863663004,66.0,0.1713709677419354,48.37091376885338,0.8966336462021585,106.7421494186921,0.9721399309131914,0.4259307497730913,0,3,11.59257736450702,7.478894374020017,74.6607718833039,107.83462110534848
18,0.013739375,2.9855774019382992,88.0,0.2232916265640038,49.77683861987614,0.9102912334480824,112.90971891733338,0.9742958465278818,0.4855524913034309,0,17,9.853887539041258,7.555429542286094,96.39112424087328,118.24870323644646
19,0.0123749583333333,3.073156762210223,63.0,0.2894937003531107,37.48122948132985,0.8838980086773609,88.36600557773137,0.9656584446780564,0.2848344240491309,0,7,10.797552335040171,7.064525713915904,66.07103016204499,91.56556147400144
20,0.019336625,3.038466839286059,49.0,0.1734221920822606,55.15096164789177,0.911403100829466,68.32365475335533,0.967178496988845,0.3831935797242886,0,9,10.7621095179161,7.329430702704051,60.62092276200756,74.44609552724036
21,0.0160437916666666,2.9786235641628656,98.0,0.221947599712171,41.494672157449834,0.9230729055465816,102.52881011244916,0.9773617077251716,0.3599765991518474,3,14,11.663908910157014,7.255991401183344,102.43284452508176,108.9381853616716
22,0.0138134166666666,3.067654374753869,100.0,0.2091006839398256,68.11994628973659,0.9009190251840672,105.72136323658752,0.9841957626289624,0.326494939993914,0,9,10.993320335300687,7.767132101563888,104.25463500439754,117.706048079742
23,0.0167739166666666,2.9414981153853916,77.0,0.2093724082497989,46.42113891722086,0.9127429532772936,98.96066643051704,0.9790491441152338,0.3361687665180434,0,4,10.702049294025151,7.473574463977709,81.74586229219851,102.16042946658686
24,0.0225047916666666,3.0614883631977756,38.0,0.2389813127188847,44.18140167381003,0.9240402530343916,51.65624158146576,0.9642726364533448,0.2767035308114453,0,0,11.469129528635415,7.0596953065183845,50.37488340043726,59.2592789428062
25,0.0114814583333333,2.981286935714454,88.0,0.3127246137978374,48.814985457888,0.9242466663244786,88.59550490213428,0.9742069172191448,0.4450501930439404,0,4,10.586071325782385,7.429265404443118,83.20104767635296,91.00862917212332
26,0.0163886666666666,3.0108125153613976,87.0,0.2277772113530322,66.67517548487854,0.9290001761667928,84.95521448860431,0.9785164065280356,0.3830259384359649,2,3,10.391922520648569,7.573464474850735,90.66377523008232,91.05004525181822
27,0.0037650416666666,3.103666072147836,53.0,0.2957788560448623,44.46246515386939,0.8193090096614378,74.75838997564115,0.9196006909688426,0.1426847417158222,0,9,11.138615108828494,7.28564214249584,61.604620735871336,83.37063747859293
28,0.0075635,3.0555068985393845,112.0,0.215625,59.74388505534509,0.8625232992776886,129.76184984182245,0.9522579921880724,0.36473142046037,4,9,10.88155140293536,7.720771395156971,111.80235622551211,134.56933673221917
29,0.0149252083333333,3.078723284561553,59.0,0.2761340197394876,57.02395872718514,0.8766422144771281,78.86502618808683,0.9642567585177224,0.2214229625908254,0,0,11.017322170014578,7.528825740440237,69.02201998817756,82.7284219787471
30,0.0178554583333333,3.094877728068926,69.0,0.2188714981079101,49.10208944515943,0.9149109741130396,99.19554765814677,0.980013646772345,0.323279019481591,0,21,11.756379599485449,7.376732451539283,77.1681744576178,108.28396412363504
31,0.011362125,3.0903815842883993,95.0,0.2916666666666667,50.07178926372017,0.869561723272127,110.8466439385608,0.967950638125518,0.262146001162839,0,8,10.724963353832448,7.508975047076042,93.570277502841,114.84261886432787
32,0.0098641666666666,3.0274719621274175,58.0,0.1494120147330629,68.52197035822043,0.9092667641241884,76.29508605110709,0.9683413841079368,0.3541867673581841,0,2,10.425758896770226,7.538448533693769,74.7049983955142,80.53865121856475
33,0.0081559166666666,3.0050002721976448,42.0,0.1940044982271044,55.26612795269162,0.938299149149263,70.86730249822577,0.970464666457173,0.4775536873719727,2,6,10.193734962149886,7.37823917105493,55.50662976937491,73.26410325795598
34,0.0080445,2.962198943258844,32.0,0.1927457119058246,51.28328318791608,0.9407397270838056,65.85147638253918,0.969239283334306,0.4156720371999843,5,7,10.141298353509216,7.20993815170674,44.28084145779509,67.40656308085802
35,0.00541725,3.0802258100454556,28.0,0.3661823272705078,48.89761778210433,0.9036334767751414,57.13910181988729,0.9166892430281474,0.2145544019814813,5,5,11.943378848824258,6.961483159541146,48.103611326818545,60.34387181596611
36,0.0094573333333333,3.029807270700268,65.0,0.1790659441919384,50.74045645914898,0.9315554023764264,88.44916713267314,0.9744235769901934,0.3340274595363365,7,9,11.295440044081593,7.355001515745968,63.48035067170981,92.5791851418054
37,0.0104475,2.989608191735866,88.0,0.1030087387352658,63.65882611607312,0.9294760219261212,117.76151743157293,0.9834686880678944,0.3777141962197269,8,11,10.273044965696336,7.734135819021677,91.62915065916371,122.229487813043
38,0.01157,3.127085557120627,65.0,0.2242906508544201,46.96854465156136,0.8362525257865576,92.72809941100417,0.958323868253826,0.2237885903742496,0,0,11.40405939126708,7.472937493665643,73.70051357563568,96.27842623186324
39,0.0165848333333333,3.099899607999669,45.0,0.2762797414040079,50.42581025373424,0.8688098431323834,68.2125009419034,0.9535045017493228,0.2393121362197371,0,4,11.690828364721018,7.1984387912345955,53.35890538266395,73.78889056338382
40,0.01470125,3.0474212522733404,52.0,0.2168270400002006,38.96691885726516,0.9178011221816638,71.20340483235414,0.9696024332842478,0.2597070764610663,5,8,10.783154912098777,6.999464964077632,56.28742209197757,73.78259512792944
41,0.0093895,2.9845044653105064,62.0,0.3820754716981132,55.84409408133429,0.8845988281491743,97.91210775462396,0.9682335234313114,0.2012152664991962,5,8,10.4107851293927,7.541532609671964,77.17030536687948,98.41690143344528
42,0.013253875,3.1115730076165136,68.0,0.1923336338352512,46.360745672027114,0.887433770803431,92.41588542893484,0.9673507064047726,0.3756685536085781,0,3,11.491297844304606,7.450136812853726,76.2261302429296,95.30184513434148
43,0.0193913333333333,3.028565140598299,79.0,0.1968485810035883,47.996205771565215,0.9144956919248556,85.42298545363144,0.9714136528399352,0.4283894700930762,0,11,11.26829362812344,7.438025783927504,76.48270268992883,94.46294231508752
44,0.0125543333333333,3.0349016894508996,85.0,0.2445782362812697,48.30781380245271,0.8825853061472608,103.2921518332078,0.9700275692742184,0.358668394602203,0,9,10.680495137090317,7.47153843034891,88.42527633338533,108.68381023171852
45,0.0136154166666666,3.0694268698401066,32.0,0.2338918569136639,46.03797555479573,0.9183327775867112,74.80467892069144,0.9754067614103216,0.2543008626776019,6,9,12.69944469785342,7.201507063842538,47.337062154151106,75.92817355076122
46,0.0209344583333333,3.1182193213207547,60.0,0.2241438795256134,45.11753033008876,0.8593914701466661,84.4273430628465,0.9523709580097276,0.1752805497095094,0,5,12.091467576281085,7.342597604610152,68.47656638661482,86.89480743284925
47,0.012116,3.0763613566293735,97.0,0.2014754764617435,59.19949478932617,0.8671927225297057,82.96508845632877,0.9532966872648936,0.2616722190202879,0,3,11.742192272694693,7.477722590632291,109.71347781544152,89.571652032811
48,0.009546375,3.08100882205418,101.0,0.3033541527347288,62.732036710001275,0.8572074975004671,89.06132412998709,0.9584371645473128,0.2357105454905933,4,6,11.030900136675912,7.5667805500112255,110.6775629166812,97.51637928025411
49,0.01780525,3.1571726661275186,155.0,0.4170670166015625,38.71255890840177,0.8657088641401013,184.8975443112021,0.9869126338660016,0.1557461158041802,14,32,11.70460769436716,6.915652219435005,159.37921965486984,181.07942205323195
50,0.0198496666666666,3.0802290572659,102.0,0.179989630176175,54.725968115263775,0.9190988296336796,95.00922373700912,0.9860343951429266,0.3521388088767543,4,10,10.951923712276589,7.615208067550937,104.86928317187422,104.24964322291432
51,0.0219363333333333,3.06266384142479,134.0,0.2562639915336996,52.81303187524382,0.8877826687022619,108.56389965056212,0.977586425263376,0.3309768875095016,2,5,11.279515745589125,7.58839366945196,131.84016256457005,117.41402309328473
52,0.020392,3.071846661240166,102.0,0.2070372715469234,47.05326409601978,0.8963345170495276,97.12124115641323,0.9761716460493656,0.2683366442070781,0,7,11.567029405427654,7.521787055283173,105.92522253252947,101.80754639116284
53,0.0164825,3.0822378797473338,98.0,0.2685808019435152,48.61054301924637,0.8828930112850208,105.12006177364157,0.9813804081255572,0.2213115793740109,0,19,11.617277050365557,7.491199921990272,105.59028708061408,110.97112764699042
54,0.01179075,3.010132271212838,70.0,0.1781843679922598,55.1259767671072,0.924909826627542,99.25792138145924,0.9836270351593814,0.3991442392540071,0,7,10.715659862868788,7.598050658301845,84.50832853463717,101.30456117542738
55,0.0134513333333333,3.083334962370482,22.0,0.1784845682290884,40.43051149071648,0.9533159645912284,47.83936585018381,0.9731428176364088,0.3945784681295334,0,4,12.34281234298811,6.92402372931139,33.59725478415183,53.43590521820192
56,0.0085278333333333,3.0477815585219252,47.0,0.2898837725321452,54.072098665425344,0.8768973638331131,76.87256012973565,0.952296243497162,0.3124384838844914,0,0,10.156841653920246,7.452544215239971,59.93343721302827,79.63730192845001
57,0.0078663333333333,3.015971299040398,49.0,0.2729175620608859,54.85234327565486,0.8762869174639404,79.68959747535185,0.9485855114979672,0.3415057651255466,0,0,9.863756388175748,7.487833559182516,62.77304112084211,82.21767677302523
58,0.0104036666666666,3.037061098554192,39.0,0.2384326659053205,49.490717463724934,0.9055858914545858,60.47427699724132,0.9650963900201028,0.3264649011909128,1,3,10.249875533817445,7.229596247584686,52.16592127547977,63.82377270707127
59,0.0114715,2.969099399095012,43.0,0.2087163162231445,57.53179875339592,0.913460989041027,68.27978779802322,0.972402241215771,0.373825428827887,0,3,10.436308980398383,7.364656751194509,62.4159398397955,72.32971553896543
60,0.0079628333333333,3.097035782512659,57.0,0.2265418435440582,54.97286454517738,0.8953459982515273,85.08701700801238,0.9695807677491772,0.2469182284974739,6,6,11.83392529566659,7.550295297332792,68.89293634024393,89.99718102131754
61,0.0169968333333333,2.932426020148738,58.0,0.190855875736525,49.46879221634891,0.9598289494990472,52.75954861749401,0.978525206359485,0.4183362735705196,3,4,10.024723126097166,6.994647028523621,69.6454774737678,61.57558867720121
62,0.0200545,3.010205096141533,42.0,0.2299112237018087,40.58527954021671,0.9541275113444884,40.555083839262906,0.970839898081655,0.4532445398167161,0,3,10.664521033753864,6.721373527649611,49.033249075202974,47.121929891973735
63,0.0131848333333333,2.9967279145431154,41.0,0.213775864566665,65.26025597634896,0.883833919951123,57.99713107632032,0.9500702503879525,0.3501906321965691,0,0,10.63662932452027,7.22662947143224,59.98428095230573,62.71746157127285
64,0.02632075,3.002740958450076,49.0,0.1833941605839416,44.36803736649573,0.945107603092622,50.05980068022581,0.9721702050575446,0.4458479858022336,0,1,11.413884962771435,6.900752561005698,55.20883628841701,55.7919692838004
65,0.0244128333333333,3.014385313697166,43.0,0.2349824145831893,41.52883177220759,0.9225912505309698,39.972028019760586,0.9599317738382882,0.3380771632773119,0,2,10.686170454967389,6.7656913539965675,52.61461907971639,47.247787172683296
66,0.0246566666666666,2.9691464225944664,57.0,0.1659621372017809,66.04802845099385,0.9063028537821634,72.94128241040309,0.9589436194594124,0.4383351547782886,0,0,10.9251481243725,7.502880273893591,70.82526807692503,78.2396988685608
67,0.0175103333333333,2.880964666229287,74.0,0.2222067082969887,59.0988949639364,0.8856240118044985,89.92173431058394,0.9475945329581292,0.4288811411905293,0,0,9.74823712580478,7.632116140380444,88.14003611164637,95.82742534428576
68,0.0161465,3.012412253238759,74.0,0.173221332686288,59.92384131187835,0.9051292652184004,92.61970650003354,0.9801214234317248,0.324376130553458,4,5,10.826524267305125,7.672876668346727,84.73385569584983,96.70543191657336
69,0.017729,3.0961766363835577,48.0,0.2822779004818925,46.07177165284732,0.9194508983907216,61.18969689849624,0.9673877506185992,0.3684109418193679,1,0,12.12667983546612,7.16459035566301,54.63590930451128,61.041294642857146
70,0.0152661666666666,3.041946632634108,39.0,0.323943661971831,37.87436883027705,0.8741388114855411,48.746293420804875,0.9420240722096468,0.2129285947235415,0,0,12.336938724713129,6.857867104158928,44.75989444470218,48.8823582385255
71,0.0068746666666666,3.0119476244451517,44.0,0.2214285714285714,50.06213193304047,0.9273040104582154,73.5416765124663,0.9756126949535202,0.306239582449571,4,6,11.459147007554892,7.382831988410355,54.461031839801265,79.0875942924657
72,0.0073725,2.898747672114427,70.0,0.4571763743524966,60.8404128350105,0.9091011325535012,115.85621465255689,0.967102050184128,0.3607253133035801,0,7,9.695952316270958,7.642985992191853,74.54623064188979,114.97255823676645
73,0.0183101666666666,3.0662954188948364,87.0,0.2182785538602466,56.91393143481072,0.8704837674642352,118.4412620552991,0.968694745923018,0.3090668164484279,0,5,11.587883985429514,7.707241944515993,91.79610590234724,120.57456368860868
74,0.0169653333333333,3.023658336954382,69.0,0.2021325076067889,47.535185371235144,0.9316352593176016,108.8246169335036,0.9853055099366392,0.2863672073061691,3,6,11.425884381056283,7.542013193515716,76.27136823494745,110.93288232983008
75,0.00476125,3.014297592013808,65.0,0.2000566755022321,59.65647338740682,0.8584430227447655,81.67469637220528,0.9524490806811312,0.2525369145715489,6,12,11.30767419041164,7.572754432902398,78.61723224356676,88.47773396171972
76,0.013378,3.0392157939919735,60.0,0.3649154118129185,61.55093445679971,0.8488025601950387,90.53896192866527,0.952504012347952,0.2392626309169348,0,5,10.419116798988131,7.580644228256181,64.45594673874457,93.64364408626928
77,0.007123375,2.9540128221748567,52.0,0.1883640705239364,56.42821907001171,0.8814662989057813,68.95138007846072,0.9155441516006118,0.4410982948185955,0,0,10.492923128652018,7.434131255283646,67.02309387807601,73.49955858536842
78,0.0193868333333333,2.9091091475295223,30.0,0.1230088269269024,60.52386969847266,0.938829767732428,73.17421460540649,0.970498021525054,0.5172148047668998,1,0,10.058550137597267,7.410108828744212,44.35031789653268,73.18719905114492
79,0.0127903333333333,2.924218590955851,26.0,0.2380279883360251,60.53073903939921,0.9421723203661428,65.13702283985397,0.975217384816348,0.4147506869960035,3,4,10.641064290004648,7.2179393688152444,44.017143731823055,68.77960338836219
80,0.012707,2.9679624140709286,21.0,0.2755225234561496,57.971700506209416,0.92406012983577,59.1492686061226,0.9712368574739384,0.4208614778687509,0,2,9.830375745318618,7.028791008165042,43.45138902548568,62.546755443655464
81,0.0156361666666666,2.932075338541945,25.0,0.2569711002302758,60.10351915385095,0.9406133571826556,68.72418544161776,0.9789456983228106,0.3944875990833234,2,3,10.904386595365851,7.344278837190554,48.52082167394213,72.21353875181886
82,0.0402443333333333,2.604138080508775,65.0,0.1299504950495049,56.71467510144763,0.9596719301303732,96.30306317870786,0.9804857381644752,0.6486285923840593,0,0,8.384962035525849,7.595068515757171,75.13951076098097,98.86948001532107
83,0.1874578333333333,3.065609488217005,40.0,0.3330449826989619,78.55812052530553,0.9331938250447828,83.50769745396353,0.9915116896905763,0.3742384221054975,0,1,11.41078695561162,7.346821604148994,61.499165175644286,84.06832179411667
84,0.015821865720477,3.106559514635564,66.0,0.2933854396988011,69.51776435829122,0.8901179673080892,84.79572314520979,0.9741506160075418,0.3123551302590979,1,3,12.090204749526595,7.511863072522919,82.13899155829341,89.10023022836164
85,0.0528363333333333,3.1306575763175015,13.0,0.2892665091277547,52.79378821234106,0.9635176372012092,22.570909145425865,0.979058196910704,0.4154100240325129,0,4,13.217740513531114,6.411203796567248,22.736886043368237,39.096000814308475
86,0.0253965,3.080083660084176,45.0,0.2188545309978982,66.16261977094061,0.9354896067500298,73.79493185829675,0.984531854022125,0.3510690720267557,1,2,12.25957330352807,7.448256772281624,61.995464328130026,77.84680419676778
87,0.0254383333333333,3.0699227362295636,18.0,0.4305937232040777,64.11775165973091,0.8996969213142252,52.78219603912397,0.9797715057708816,0.2196275699757172,0,0,12.538891857920982,7.08758882205832,37.98530066888098,55.547227845364674
88,0.0432945,3.1181285224291697,25.0,0.2997375189089307,57.642302697418785,0.9429389810674076,39.04806442206925,0.9823792531428308,0.3014403533558277,0,5,11.159728439796153,6.899370622523334,39.153479729047,54.4688422331008
89,0.0198381666666666,3.132958081783784,51.0,0.2905701754385965,54.26233871375032,0.950094478636398,70.09343925944127,0.9871554604179436,0.3364756191151401,0,0,12.436611950508066,7.120794765636699,65.47014265583886,72.98904618201902
90,0.0197255,3.1433534314953295,44.0,0.2293794458562677,49.3173623309209,0.8903168569960166,58.66480263636043,0.9652343199977546,0.2040641014986919,1,1,11.983871179931144,7.258135097473789,56.64999906556223,65.06847352322494
91,0.0394531666666666,3.0917884609844073,41.0,0.2869003736055814,64.29541111083472,0.9261496027714688,71.18724134471707,0.9870659248870748,0.3213290297208326,0,3,11.9834120449019,7.457672795398245,55.74935187678531,74.90435338159277
92,0.0340429166666666,3.076799517325618,62.0,0.2711488962173461,53.40844276756477,0.9575717779572762,68.28924035993964,0.9843542110723212,0.455357296106253,2,2,11.228967959921116,7.312410906522725,71.70472270867675,72.49863242026734
93,0.0387956666666666,3.1428607525704684,30.0,0.3516626749953178,51.24067976005168,0.933613463564112,56.11626688202344,0.9828871764668012,0.2496813440425429,0,1,11.969171536294748,7.194104223918275,42.42389235884394,60.36641400907248
94,0.0403435,3.1027828038416265,37.0,0.2227150004177807,61.53052739777508,0.944711347747892,83.47854185673356,0.9828026645914298,0.427789938944482,0,3,11.66377692795989,7.570393731794823,44.75283744256665,82.95699072490781
95,0.0289068333333333,3.0766729883872643,21.0,0.3100875085141478,62.06658148862207,0.9175979421428936,54.98485667382973,0.9732633284587434,0.3004377632294098,0,0,11.682623618498123,7.1458712903494455,31.64641983635926,57.333533668570574
96,0.0365135,3.1252765422197673,53.0,0.3735286394755046,64.73631481437653,0.8889673140832496,87.95894778159645,0.9811331271677108,0.1844133378102948,2,2,11.731042477621862,7.59022368190409,64.02238257591317,90.57616876389211
97,0.038646,3.104052669453138,49.0,0.3785353515107753,71.12824253919953,0.8230755276813374,81.1881899763683,0.9591558074727926,0.2103959260184701,0,3,11.600515194572491,7.625927641641836,70.20910272885654,85.7450224673555
98,0.0264211666666666,3.071537297088611,14.0,0.2730061213175456,50.06166506386342,0.961402492693433,49.719018050860285,0.9769341750725336,0.4645107847986601,0,0,12.46258179716892,6.5629674428925995,40.65140143296836,49.78294029718957
99,0.0363615,3.119464642104997,21.0,0.3847200204660226,44.53513969432856,0.9467550416245994,44.70547943635893,0.9758275357309376,0.2912334810590385,0,0,12.276251058426835,6.759904293259655,34.334227055963076,48.10985340657276
100,0.0253406666666666,3.1473581169512723,22.0,0.2693763555482376,51.68685594671526,0.940792324451634,48.672944352466715,0.977307122556266,0.3960707809765286,1,1,11.912073547187504,6.768714195647295,43.059918880571615,50.57128858886063
101,0.0257145,3.125873415017398,40.0,0.3418277775475738,58.75018086434668,0.9129934024489652,64.67520385728936,0.9712097824071992,0.3305725361174266,0,0,12.51194635366134,7.229988269593895,56.63813933744963,68.2538167042275
102,0.0266541666666666,3.1007437968964573,30.0,0.2493904777195142,60.172135652673774,0.9447959832393168,56.03111826629258,0.9798437463427334,0.4120542889220618,0,0,11.662543127020106,7.189632081862642,50.030969778910105,59.2069023187477
103,0.0282251666666666,3.119751072336561,45.0,0.2994709895207332,59.19421072662597,0.9507667239055811,66.79182564927636,0.9873551593170016,0.391911505223883,1,0,11.870493581398703,7.1644860408454445,58.25931201428814,70.16907237798623
104,0.0249271666666666,3.0490654286811374,40.0,0.2038914495044284,62.13408892364475,0.9392995969391394,70.0169750997331,0.9785461180010936,0.4313374601028705,1,2,10.97352527517387,7.263137610371523,60.49829613919682,70.84950705861314
105,0.0237108333333333,3.130991630142961,31.0,0.4370852459918011,61.541026251081774,0.8847840366094808,61.10675014144793,0.977447921011584,0.1670708548656571,0,3,11.62617182826859,7.344401910751146,53.9729790516487,65.99343892436313
106,0.0315595,3.1151831631683247,36.0,0.2900957817578838,45.03083825065733,0.918865780656602,51.90807828124484,0.9562750810481608,0.3271982242824037,0,0,11.271140513145044,7.005433364716063,40.52664664532523,55.463391967261806
107,0.021639,3.151245468854955,59.0,0.3597928193899301,59.4989505229209,0.8691023084125844,83.64083256963751,0.9680773577449238,0.1427731657702765,0,6,11.855806314936762,7.506269025101307,64.08644330809928,88.7961605994563
108,0.0153065,3.154769545976857,41.0,0.373010218828574,45.580454824319155,0.9102550884187066,54.90070248305032,0.9581778150550216,0.2640308408228351,0,1,11.853129450662395,7.096613713430899,52.62984777265787,59.59032527605325
109,0.0326496666666666,3.0002408139555836,43.0,0.1919653367023078,50.86205264650547,0.9689653967663464,65.76592951179865,0.9817284060143844,0.5712075716444536,0,3,10.439744064881957,7.133581286319307,46.88905164252157,68.43635212967665
110,0.021689,3.1576258772373818,32.0,0.3150826446280991,45.70896676794321,0.9460903533327748,64.13175070423347,0.9833751193124666,0.3233331380013304,2,3,12.110398005531216,7.080008578021638,37.63064562895201,63.83983033110014
111,0.0216883333333333,3.126654172913795,40.0,0.2430542260408401,55.97293780029468,0.9268537316442674,64.81566097970442,0.9761162006949424,0.3597197500058095,1,2,11.75230283835502,7.318282828693265,57.73363157551008,67.66566078762058
112,0.0443591666666666,3.1577885902168537,45.0,0.3275878474397479,59.90527642614521,0.8996797755900606,57.916450562465776,0.9685174740646092,0.2918482279132001,0,0,12.96255515474564,7.283085136034997,57.844365527145534,62.69741060048634
113,0.0287973333333333,3.154566039960457,15.0,0.4083433832441057,58.172583020748064,0.916284418428964,46.63103040193517,0.971705552801236,0.4301877626442555,0,0,11.780365157889143,6.62922196972913,40.960098725994854,48.95075418905507
114,0.0185313333333333,3.1093289265066386,23.0,0.2655443343441043,50.24050330975565,0.9275465887417288,48.02244412572667,0.9630835565596032,0.373487151452645,0,1,12.138658473355436,6.884178127098505,41.48131229796016,50.8520225340461
115,0.0145786666666666,3.133115438139669,15.0,0.4014488899544494,46.35305901592751,0.9198395063014684,35.07102013756526,0.9521270262069976,0.3163544169209527,0,0,11.5162054439874,6.401602567855646,28.618709332662743,38.29319346293539
116,0.0289876666666666,3.124055696032161,14.0,0.3584201545046087,41.993676232619784,0.9356404752894024,34.13222426629107,0.9484238728428392,0.3990519496219641,0,0,12.521213473068803,6.487995300635429,23.38229900255828,35.87982551956078
117,0.0354351666666666,3.153741287648008,35.0,0.3064197663337953,55.04162380928723,0.9159486354531174,63.97230455582767,0.9734987141382164,0.3291159856089672,0,0,13.218798321292114,7.319231383625419,44.21107135844766,66.31903491558862
118,0.037257,3.119328214366765,19.0,0.2745405484552253,49.955843913512055,0.9639469664863198,43.746473166681135,0.9864187212074056,0.4707306780834023,0,0,12.428583642762447,6.514479754809371,43.75219000932771,46.14144621871375
119,0.015522,3.0274733700119847,62.0,0.1997663551401869,59.259336790210725,0.911571654710094,85.03921837007455,0.9781439509450024,0.3393880409475532,4,6,10.69942809088998,7.62305130194266,76.41637279056161,88.19064105247902
120,0.02839925,3.1382296166262416,40.0,0.280763729598171,69.92036892112867,0.9185212869424794,68.9842190058634,0.9627401363607352,0.3773680676969644,0,4,11.635456463318055,7.388294165678208,50.79190510567617,73.87114462463097
121,0.018408125,3.1047570481262454,25.0,0.3026737512326708,41.00086113388543,0.9481079679279376,40.40175759330992,0.9469252534970178,0.4027979234236125,0,1,12.561050952341052,6.734727088523103,38.7215364008254,43.77489999275966
122,0.0271513333333333,3.027507069959778,38.0,0.2367031075860147,57.752984471976575,0.949386213193942,65.34453418563469,0.9678934281588244,0.593917520460562,0,0,10.19832428390408,7.37225887486959,54.420848121268264,70.56656693033003
123,0.0302785,3.102327414197326,62.0,0.1837538061818026,76.31723080021888,0.8883479891364156,90.65198553770476,0.9684836017987436,0.417865033453262,0,2,12.43692322162387,7.735183357278089,83.89992003622456,96.58810397768173
124,0.032656375,3.0671584773740195,47.0,0.2579787234042553,51.89979323787316,0.9423651164102678,66.45604272973418,0.9792725008778674,0.3504424461732483,0,0,11.2737672318248,7.159278660203962,54.15110491001682,66.69162890531838
125,0.0388822083333333,3.071488544837588,23.0,0.1768527221679687,54.547796893402605,0.958125799838104,54.285437889619395,0.9740556337324554,0.4889629306355523,0,0,11.64546808017219,7.071836433809741,38.33772067496355,55.72734168020972
126,0.04084775,3.0599204215721167,27.0,0.3323529787082409,67.66051977672478,0.9303889283942348,60.945583280991265,0.9822055352738795,0.3627969749846502,0,0,11.327721259897096,7.331948454567304,54.36576196458142,65.52114857534403
127,0.0321703333333333,3.136482706528814,50.0,0.3239538428094066,52.73622366127044,0.8916181227737536,73.99269665613033,0.9661850865391244,0.242203193348726,0,0,12.034853907850502,7.374816368772164,56.56773009741677,75.97982645493876
128,0.0423964583333333,3.119625914446237,18.0,0.2603894444138791,53.218419100027475,0.9408148693637588,46.38895130276973,0.9779095505595862,0.4372241888683655,0,0,11.336226048453184,6.7441267195873085,45.93402285395545,49.30155397469488
129,0.030271125,3.0355760342548117,51.0,0.2167233974152031,50.59929254354801,0.9493211608575592,66.32875300489452,0.9755568971444244,0.5029870003849515,0,1,10.887707493795029,7.1438917591013915,53.583661629956616,70.80133089134769
130,0.02017875,3.1134473369204736,31.0,0.2635453624642772,56.05836163818861,0.9180292781906596,56.88340352615715,0.9604979665286016,0.3919327590089664,0,3,10.965844264949416,7.155624394566315,49.10739708493332,61.435261571493456
131,0.03304125,3.1500018329705117,15.0,0.3649425287356322,69.45634934022016,0.9307162888135904,55.88113878195874,0.98196969981421,0.419201682187958,0,0,11.659077915695484,6.873295722260315,53.47739420219319,58.358594767574544
132,0.030832875,3.1141914995126667,26.0,0.2474836061126764,52.0168349297564,0.940428195702122,48.53557902644596,0.9667402089567798,0.4120162878556728,0,1,11.244461423749769,6.950730308157301,48.81981535252049,52.309491928935174
133,0.03890025,3.0836723699314184,51.0,0.249789869665929,59.65424513148282,0.9287020196349394,81.91312285039612,0.9815600052307324,0.4150995664352072,0,0,11.017526655827856,7.58717754381329,69.22869325473555,82.61101046354443
134,0.0387813333333333,3.0707199108447267,23.0,0.2033870740868579,64.73046571258165,0.9490732184957084,55.562805152505085,0.9842194069531924,0.4635889684752132,0,0,11.409924683046029,7.060414040706677,52.64299103972878,59.010559820902
135,0.020028,3.051518223549473,47.0,0.2467629888036229,70.1905275521078,0.9436475516061134,84.2401581599862,0.984694867043297,0.4182701599564641,0,1,11.414636256782446,7.589786703473804,71.15607794849609,87.37609587773177
136,0.035679375,3.142689965724045,28.0,0.3478732638888889,48.69783282028797,0.9251928943200944,44.63280428964441,0.9707305634670812,0.3291752065227775,0,1,11.647617394221504,6.9646497464227,44.94918541595632,48.98777656856472
137,0.0216115,3.1626442489055937,47.0,0.3290938845105991,61.336721940655096,0.8956774320576708,71.04766667875624,0.9637197680580728,0.3176943109307937,0,0,11.706389967345608,7.434350927715066,60.09083985057276,75.55681499311848
138,0.029323125,3.1067161887836936,18.0,0.2713951474144345,48.73777561765222,0.9445673546107248,40.49898062838754,0.9595980266167232,0.4361097722320119,0,0,12.333014051093658,6.800122992504769,31.135001740390557,43.756072542319906
139,0.024273375,3.030121214741142,66.0,0.2391705205095168,51.09241941932275,0.939121011282136,93.30324093143312,0.9878956472646844,0.3622636776338664,4,7,10.597470201988603,7.338926253877714,81.02453524452865,95.60821525661092
140,0.021783875,3.1116954413256708,98.0,0.3294757968383216,45.1416595456497,0.9285928689884696,118.7437727456144,0.989590652529992,0.2391470559903587,10,16,11.497681558619329,7.308636841630205,98.21512402873957,121.41548241260809
141,0.0204395416666666,3.1172558724922155,90.0,0.2185783991737971,62.46581104614125,0.8929150702688603,113.74472260430996,0.9759036684310016,0.2973878682528696,1,6,12.07804366043566,7.607453087821682,91.9498843547812,114.63896072138164
142,0.0185875,3.0615054663487005,91.0,0.2289241051102515,45.29006774991186,0.9253432120177864,98.07807317160632,0.980549544702484,0.36412796947172,0,15,10.626812325720264,7.283939046960452,95.06190719523784,104.83825506965736
143,0.008538125,3.120102975881075,66.0,0.2932554546155427,62.119539997024766,0.8251252457674708,93.23781761055383,0.9469902187064144,0.2054051280539744,0,3,11.481945735028235,7.612382210887469,85.39271496038405,103.0609509777136
144,0.00873025,3.1246398963678224,52.0,0.3251001694623162,56.07574952717906,0.8254196104389964,87.35522032363384,0.938549356685805,0.1810149978682295,0,3,11.304275342236464,7.388393591848171,74.39524320202092,97.3820356998165
145,0.0079452083333333,3.1671939979899344,50.0,0.3465103792504789,52.965985646447976,0.8136447370372575,83.19985214391326,0.9374011171769884,0.1551066407551755,0,1,13.008161298551665,7.412409529333981,66.3730167884819,91.40466952591676
146,0.02707825,3.1504943687129763,55.0,0.2968072271966315,57.263213001336574,0.8912963153435833,96.80337108040742,0.98092724506172,0.173517629342196,0,7,13.02533469400106,7.584249305947244,63.8051420131089,98.83948518324767
147,0.02157225,3.1125921840153077,84.0,0.2789680706297798,59.17515417849267,0.8815283377247676,117.26239528173993,0.9838951071864416,0.2021317812583371,5,13,11.68004616157793,7.638639114377649,97.42463954516838,126.98703984797748
148,0.028808875,3.153170067237722,33.0,0.4127124258720415,50.11744924244048,0.9202405504509978,65.67817657785857,0.9799625313838484,0.1456535870027308,0,5,11.48774084117198,7.151046017465282,42.764866064778865,78.08012107171315
149,0.0152376666666666,3.0875478721335856,83.0,0.2140807791501897,55.84537738596861,0.9405911060161786,119.97117104795252,0.9855632957044024,0.400642383027908,6,12,10.981392468846604,7.588978085610593,99.60639275651722,123.03289110156742
150,0.01668425,3.105826832379744,69.0,0.2701114953732958,48.19326941242721,0.9312435619971944,75.77348226300533,0.9757629107444736,0.3094893807484661,3,0,11.18420180216854,7.428362839139923,81.75385909768391,82.20128723969971
151,0.0141788333333333,3.1542767331876007,53.0,0.3955446370442708,60.979357305093416,0.7948516155493847,79.17414976397048,0.9530276805390208,0.1115201086564102,0,4,12.55180220482648,7.5858124834131,73.10209306979647,87.5898089396918
152,0.029318,3.089755802366858,75.0,0.2861483507540636,55.8522078222901,0.9157179376047512,91.60905603001152,0.985955344995702,0.2623857680825429,0,13,10.75850655714846,7.548773155393721,83.14175322922144,99.18589800065368
153,0.033310875,2.9976334805936817,92.0,0.2194565174191497,57.018964819344795,0.8657538716333636,109.03711718563346,0.963971957014914,0.3090411461177123,0,1,10.449216780560128,7.644838299865699,94.96773495479968,115.54508462788374
155,0.007896625,2.999573886462883,198.0,0.2615112953997673,69.90458030070852,0.8960158095298129,162.09094121866823,0.9873945528121044,0.330813209517953,2,13,10.958105384296246,7.492521537413246,165.40869482656765,164.06936766815764
156,0.0154337916666666,3.075848498548708,45.0,0.3434178582553205,47.471116580709975,0.9240597172094448,68.40137168953716,0.9725810885197528,0.2752731056372927,3,3,10.565105207600844,7.134199379876268,56.91289690465651,71.1025609189942
157,0.0377922083333333,3.071310365303805,111.0,0.2203291614325211,57.54475985546897,0.9110062581483448,75.78151518024265,0.9784877889503928,0.3304353720826438,0,10,11.457555879574237,7.435662039687239,106.8150691273703,90.25933291150685
158,0.018113875,3.0333092340287964,54.0,0.1907260277157738,43.57418045126868,0.9078916458489412,57.68751466198096,0.9481026423032608,0.3953620499792416,0,2,12.080063061422225,7.11094183164602,69.71555526934347,66.0082360084453
159,0.02211375,3.049796077717374,66.0,0.2223002578272964,39.78784315799321,0.9122811916111486,57.25232280379184,0.9519471445647202,0.3312940258783451,0,5,11.40300905329335,7.043489693078148,71.93639888173858,65.46157106686962
160,0.032661625,3.0908856161064544,98.0,0.2405881848941554,59.93279900717205,0.9020949049524446,73.1179756865036,0.9756025133712984,0.2925207746634192,0,7,11.317455642397736,7.5047858420468,104.92152641104886,86.23382767289661
161,0.021076625,3.1205965537075686,91.0,0.2718954976399739,46.480459752880265,0.9223614513576428,66.45621300020754,0.9716252244521382,0.2516773616589823,0,13,12.756319842954792,7.211351221650392,102.71959914214838,86.82737021041083
162,0.01761625,3.084851328863893,118.0,0.2299140742427817,49.021243790653415,0.9052642207562276,84.14646982644534,0.9770603661553672,0.3191670121300195,0,6,12.159417489559187,7.303255750706437,120.01623530079026,103.72263631035656
163,0.026548125,3.1279064085231263,99.0,0.2775773889878217,41.19898295594303,0.9353974375196292,84.94714078939519,0.9870387270797436,0.2412898381005864,7,12,12.52597518911301,7.095194742583072,101.23463015350224,98.41788148710975
164,0.034155375,3.054652448801608,95.0,0.2226593233674272,47.746293033698834,0.9147320290887384,86.94116061551821,0.9784138830106072,0.3462159497135569,0,8,11.289723084288903,7.39888120267671,100.83192162229076,92.82876890259745
165,0.012401,3.0357564124907026,97.0,0.2278645833333333,44.09984509425233,0.9391536184886872,111.13223345906204,0.986414119258999,0.3494966867678719,3,8,10.49032338447276,7.3376185401911185,94.14452307619966,113.44789424010264
166,0.0135486666666666,2.9357570005937137,92.0,0.2092330397505562,54.05117829578173,0.9244496960147898,108.23951075827549,0.9780073528292024,0.4575790484817621,7,12,9.711611714733683,7.581004370086747,96.47919984749628,110.69573358586636
167,0.0158814583333333,2.97142377886458,89.0,0.1971964793162303,52.84852831837702,0.9449615972998138,95.94046266883164,0.9855867483064784,0.4990981593427132,3,6,9.940486922586498,7.454424250179365,95.964548308995,99.91131699818742
168,0.01920825,3.1271643812525847,76.0,0.3039255208902425,52.60054354201796,0.8489500888970508,123.1550043268824,0.9710094707140502,0.2121451037733267,0,10,13.24768797635189,7.583778790851957,92.55686651296656,128.96653226943357
169,0.024756,3.0981328093972724,71.0,0.2621383835411492,56.914768029111634,0.8833781522881937,113.20874619672044,0.9772854742345636,0.2755547679798938,0,5,11.58926972090881,7.588657466054757,84.44810206252188,118.6759976035973
170,0.0130324583333333,3.0717850095301387,54.0,0.2158086811233244,49.581835335840125,0.9209310659729372,90.74483900244148,0.9635619812853704,0.3027436403805154,5,9,13.202893603647084,7.538682131223245,63.87579731819867,95.9232241694469
171,0.0213227916666666,3.1299299293388874,21.0,0.4069410647199453,52.377731199222744,0.8988788214260921,46.79783513413181,0.9452139309343796,0.2650389726910311,0,0,12.407183827305278,7.053347079055715,36.221576366229655,52.096051269025615
172,0.020887875,3.141330427176805,74.0,0.3202081990038228,55.37096798783532,0.901110326994904,123.72102124264484,0.9824477634902538,0.2612348776195023,0,17,11.728324298378707,7.491426808810187,93.07205146105515,130.14075994814002
173,0.012898375,3.074072806918616,82.0,0.2278249247090799,51.28321245151179,0.9339650451725386,101.94346820510502,0.978610194403616,0.3745598455579739,3,7,10.953687385113875,7.490895103977731,85.13144344882389,106.7073984585468
174,0.022444125,3.056899684133345,73.0,0.193724374922495,47.10563415041958,0.9268654184689497,107.77706534592444,0.9834605256107722,0.2867561854488141,5,12,11.585366975058262,7.253342661714089,76.48763753348419,111.1730299784476
175,0.030173125,3.051522561629755,98.0,0.2401795504385964,54.5605236838787,0.9011876393340584,111.19686577860506,0.9826137500865684,0.2661889289196402,6,12,10.784573790545728,7.560518528237257,110.54515264450794,117.63672692174389
176,0.0276439166666666,3.057307466209264,84.0,0.1999700758192274,48.61770483456435,0.919144358227912,102.55349812513076,0.9806502122882088,0.3665781920095418,0,5,11.005692117252408,7.538259510694531,92.22117887200764,104.65385894901952
177,0.02409025,3.1320092449774557,53.0,0.2823352947101726,57.330508555058,0.920653079145773,70.75381794911708,0.9741706671771546,0.1990067901458652,1,1,12.05799850743927,7.45564973387869,62.4681073695498,75.13275047994604
178,0.026822125,3.123751859371272,68.0,0.3753483134104793,47.45433073158007,0.9004817163536971,98.99849941980672,0.9761838747283818,0.1556831345671062,10,14,11.768262613596464,7.290281473242782,81.62017923078955,105.18991038460524
179,0.0168524583333333,3.1134062956127218,82.0,0.2809419194903973,70.22782560661629,0.8737804285740589,104.6268125347673,0.9645695090225752,0.2930678680927595,0,3,11.571689766567534,7.831390741935167,90.02023858087645,105.93720996353298
180,0.015003875,2.8557752917705734,77.0,0.1153100775193798,49.06779075352426,0.9546473474959136,73.54249605669473,0.9601344668266654,0.5214199564590968,5,7,10.58275337962049,7.346364040933281,87.8287605802768,78.28859996001155
181,0.012524125,3.017343240821733,87.0,0.1905739697543057,53.53832162183269,0.9035874623247364,106.38058785201872,0.9663947248007606,0.3921701867414933,0,3,10.671735632418656,7.552281733290768,95.54267771604069,107.805590389533
182,0.014082125,2.980497726889515,141.0,0.2427765299479166,58.44236078020114,0.8866050778254382,140.13110971074565,0.9750004589449256,0.395710833115249,0,2,10.64894866708878,7.72751668032531,141.62204628898218,143.82084394701886
183,0.0244150833333333,3.1074067693866705,132.0,0.2734884756582754,44.82970814658484,0.9333674469440963,140.527699419953,0.9901525968796902,0.2798102156989062,17,32,12.090756788263022,7.444368073828505,132.0375434949922,146.13798428975386
184,0.02372025,3.1175178898168734,123.0,0.2246641691740568,44.34783151543099,0.9166670425737048,122.6260005656039,0.9865429988634418,0.3079423394688867,7,13,12.5874030616176,7.358800195494198,123.3543561161631,127.35911632294228
185,0.02372025,3.1175178898168734,77.0,0.2246641691740568,55.64845686713778,0.9380862273188382,115.49717461527516,0.9821760904390526,0.3220860773925348,16,37,12.5874030616176,6.97376991818239,96.28964540850828,111.35225003205674
186,0.01897225,3.1444896260250115,86.0,0.3326307131920332,54.24086963712815,0.8483112607155663,97.98974607465225,0.9642508056051544,0.2071670812850752,0,0,11.589157202466254,7.569401941325663,91.5524690687376,102.9216581851052
187,0.0105845,3.059930363067193,72.0,0.3306755297111742,57.96437249172151,0.8855297850905288,89.18324234325368,0.966218155713614,0.2433379039951848,3,4,11.461021200133963,7.573074068271045,82.05447990017989,95.01329229267448
188,0.037367875,2.8326978262188387,238.0,0.1616245746612548,45.71318990731523,0.9792958086222884,213.31682074279897,0.9962142173340112,0.6236512247475947,26,22,9.241240937781384,6.410420480139578,218.48960529675497,214.4718832894204
189,0.0395800416666666,2.8472309563901783,195.0,0.2430575458323897,39.12354259379558,0.9689291170602948,178.9608992293102,0.99650089164882,0.4672742347541588,31,30,9.495576357928403,6.76385994130107,185.1413839997137,180.20448225266247
190,0.023845125,3.1862189831877057,68.0,0.4486215538847117,61.013427926518006,0.8782457021659615,68.8477966101695,0.9759374270844864,0.2132241803532697,0,0,13.916158701197247,7.26403481868055,71.69200244626944,72.43829285339856
191,0.011769375,3.0055157798263297,48.0,0.1851431309491738,45.50446667573188,0.9541888854934956,72.77753981542774,0.9730942113305268,0.4203947248561857,5,5,10.793378155166346,7.189061306171195,54.56005678057,72.65068975648782
192,0.0324855,3.07425005042595,192.0,0.3051612023079749,59.4376940449237,0.8982354772050267,186.91432766912473,0.99032053657148,0.3375805186012403,2,0,10.558380417370907,7.0600351135893415,175.93841359410067,185.7964270599551
193,0.041817125,3.0877322314243645,195.0,0.3182715775791674,56.07439769772244,0.9353601858437736,190.13033508838245,0.9955408593692364,0.3262200607470631,8,10,10.642993606421394,6.917890569618397,181.50384538279783,189.5365513334417
194,0.022354625,3.048204517549874,97.0,0.163239518422929,62.00483185872561,0.8942224575195684,110.47138520256507,0.9697069827883024,0.4455238317748328,1,3,10.948620995286957,7.731478697819298,110.49544999655232,120.46094339657805
195,0.024717625,3.1180647907819883,55.0,0.2453866411549176,55.25941477300706,0.831762172652524,77.85258903031253,0.9128830426366604,0.2588132064428732,0,0,12.380791619039629,7.503155563881882,70.50124483146314,84.9911504872289
196,0.02660525,3.075044233144359,77.0,0.2231684339807388,53.04130635387575,0.8958824340520651,55.40740705939836,0.9578329965501972,0.2985577801398204,0,3,11.17506640497661,7.2701596634566705,80.84838689975616,68.92964718668615
197,0.023532875,2.987093725555229,41.0,0.177806775080617,54.402032489556994,0.9535609608020864,47.170985548595176,0.9648012190302308,0.585856387360526,0,0,10.307972728990388,7.068192883541279,57.46260621472431,55.25063042149193
198,0.02349525,3.0620446910218138,34.0,0.214957026431435,50.86958284261732,0.93023973638421,40.83892299671217,0.954646408314378,0.4743119146667387,0,0,10.66822421886479,6.89521711899189,50.63666301352372,48.66039248232836
199,0.03651925,2.999424954316434,33.0,0.1604653783591396,52.851907575233966,0.9229723550905092,60.3051915615741,0.9459650802402586,0.4833690977115861,0,0,10.444968523882402,7.290253247565159,49.69989370995591,63.10294738186637
200,0.0283767083333333,3.1045321276920923,89.0,0.3106397356305803,83.3155613127318,0.9364684259263932,74.5663102012532,0.9883355084428698,0.3383188878050203,0,4,12.175026903488446,7.587625601030321,91.13554347762256,96.29216216533652
201,0.020289625,3.0860030042082016,26.0,0.1894046804292606,64.62874013166312,0.9588864866777924,36.0847976212722,0.9651768346275716,0.558131278385699,0,0,11.291748977085282,6.781993333811588,42.038533172615885,44.84383233090272
202,0.03662225,3.097275535666621,59.0,0.2167449139280125,54.42803453729337,0.9563690251112632,61.553980285164265,0.9849592649391518,0.3799175707706773,0,0,11.924782000279974,7.12317966559136,58.71253293770167,67.06895527754138
203,0.0690187916666666,3.0304912797233285,79.0,0.3110580603392112,52.18913002474859,0.9242506487181998,105.57688067509872,0.9888866153673874,0.2886391712815551,2,4,11.939865820137577,7.652890873148885,81.4149897621204,106.04833943475728
204,0.03745425,3.1201497593867775,25.0,0.2517857021755642,51.38139949019739,0.959022430134183,44.90880632231667,0.979858484155376,0.5170174180135308,0,0,11.698616987597138,6.78291773664888,47.06890448553861,46.81709423958545
205,0.034826875,3.1445139978445797,34.0,0.2394581330128205,49.53137005537899,0.9378979085114814,57.85716710515149,0.9769177080805662,0.3425658287875204,0,0,12.2443826088732,7.0785658534115194,50.10669226254583,58.04947567096545
206,0.0216230416666666,3.0438104453730666,99.0,0.2327780512920824,55.127345731295065,0.891903924917594,112.8306314524614,0.9759803738805332,0.3499871748101183,0,15,10.742185510887031,7.622432325354365,105.6612322416572,120.20171062692962
207,0.0633095,3.0079406737993692,166.0,0.1661932082403273,55.810577883871375,0.9475580357482004,170.20469962308508,0.9961190943834012,0.445925003211501,11,13,11.25249698255503,7.495205029052174,152.6849676953564,173.30197158033778
208,0.0271006666666666,2.948454618707849,128.0,0.2417021276595744,45.78149720192646,0.9533054174872316,136.09955816499468,0.9895254278161624,0.4815842972641573,17,19,9.659884254625918,7.529603862875936,127.12939969811345,140.81085440806203
209,0.010833,3.1635266021791897,25.0,0.3172514619883041,54.56060908347618,0.9314473792841518,56.38213664825613,0.9607277267745244,0.432027457731634,0,0,11.996617520918385,7.092442127821868,42.2613770981092,57.224326528100434
210,0.012324125,3.14456337398901,19.0,0.3566009104704097,51.182471520078686,0.931354438053454,47.467245209333335,0.9588134940678604,0.4199399454788098,0,0,12.376409712062458,6.940158301512423,36.94698884530731,48.984385471344446
211,0.013546875,3.0366562485635256,62.0,0.1791161073591428,59.910541434454416,0.9347403831757336,72.53419104417016,0.9625323855756434,0.5745555339668551,0,0,11.237955237923485,7.482741110763701,76.91840469475193,73.0579308520618
212,0.006400375,3.133537734672617,47.0,0.3003970857650515,49.45984264514448,0.8664022158933017,80.82932274546816,0.9640577883736492,0.2298505086487094,3,2,11.206833598786003,7.458979341273058,64.79926449051322,76.49836300322193
213,0.013624,3.0503633639967176,67.0,0.1967962385865939,52.04445390069039,0.8733871660907518,101.4054713588492,0.9707674643167942,0.2389389360078802,2,4,10.327235876165313,7.490733930171355,74.79342654092204,103.20522794270546
214,0.03511875,3.107245489153404,31.0,0.2705192629815745,51.635518882797925,0.9377495402239742,56.22387921617188,0.9763886801766294,0.3812542203317044,0,0,11.091247848182558,7.071241191083297,46.83875207124244,57.76493815035826
215,0.016076375,3.1310579030390087,31.0,0.3210564482983925,57.365808444168216,0.9403551519691544,58.9332192979046,0.9755509781947656,0.2962671510091101,2,3,10.99315386039194,7.164129729482442,45.41835970402623,60.70296621700424
216,0.0360285,3.078506794835179,72.0,0.2124645393643178,67.87479145674853,0.918580365854339,94.63829282818996,0.9829078009252796,0.3374247422091172,0,0,12.028381484216911,7.784489533168792,84.80200068231362,99.80582279505728
217,0.02317775,3.1062875889711323,63.0,0.2711811148243033,54.78642501498963,0.8565457133420816,97.71041983120466,0.9688113992252984,0.2369038565438432,0,3,11.172364303498398,7.591555592942179,75.56365956911351,100.25281010974392
218,0.019377375,3.042769022816516,93.0,0.2129059987328596,64.15158662727768,0.9215616123015432,118.02988122749504,0.9867828546068304,0.3877236237723192,1,2,11.093162930236735,7.830710330219606,98.9399408824636,122.9236545386145
219,0.04788425,3.116273374374855,48.0,0.2903972620275058,63.12056246889601,0.9080269537097504,74.28204530185573,0.9723413312872968,0.2595877985227837,0,0,11.30321250199782,7.557788790905437,65.71618199413102,77.98509692870545
220,0.0434161666666666,3.1104738027754237,43.0,0.2936192327366644,69.1557852967155,0.9231221405713618,76.09056317320906,0.9830228812305616,0.264766037733478,0,0,12.30507772166986,7.512475557633021,64.88385008406716,77.84970307785618
221,0.038485875,3.109171008870775,48.0,0.2829224870011613,65.11806785389338,0.9074077576185692,80.73954880185,0.9742074520662186,0.3415711189603636,0,0,10.902787973285632,7.630582488514168,69.59070299694481,83.63958712705998
222,0.0401345,3.115124207121581,65.0,0.2345544497172037,68.45652256617664,0.9249815867731548,95.65807627742416,0.9843230659904364,0.3571232421738009,0,2,11.981965293291468,7.786196451447788,84.60753680001079,99.14389767110616
223,0.007721125,3.187075833267281,125.0,0.4596293726008691,59.16890176264559,0.8050715933120571,136.40988499171573,0.975174765445948,0.0996563574739496,14,18,12.2801279401391,7.713011227258237,125.04441122342692,137.30202222450092
224,0.022474,2.902250242625251,104.0,0.1927274974173892,47.92917700631625,0.9647838106617566,127.46885782035334,0.993637570282041,0.5281222583915387,12,11,10.055264736702698,7.460593847924708,106.50591140585226,127.8634953771082
225,0.032730125,3.037842970675461,69.0,0.1902104744780658,35.35617470221026,0.9667576519168246,87.06612361998283,0.9845821207634708,0.4335496609978737,8,15,10.494014747665169,7.09506669670869,74.34407876130321,91.30143040229107
226,0.02533125,3.063772577611513,53.0,0.2938626226550804,62.36517489182101,0.9316818127052932,83.51134853270167,0.9827544033368462,0.3836017394100092,0,1,10.276400839721468,7.57585034425886,68.93354882221345,82.80558626135017
227,0.029271,3.1095712131560354,55.0,0.2313234062605006,60.75407725366529,0.9162940673159834,71.55229170788785,0.9757156245258584,0.3764497216054511,0,3,11.464315345745415,7.499099500912542,67.54201998260525,75.2723800766109
228,0.0130305,3.1009072395414403,66.0,0.2573670212940503,66.08724032888216,0.9355343177532554,77.06611625743037,0.9818165500120548,0.4162591242171405,1,2,10.990248519444132,7.367631350268445,79.05438115733028,81.58575416404199
229,0.026777,3.062887283743799,51.0,0.2179095374213324,43.7701522940067,0.9450193040516122,80.20700338125388,0.9816016600856065,0.287373733941656,0,0,10.906752726096148,7.181246811245378,54.82732109152415,83.41246318043261
230,0.026699625,3.090914865796279,58.0,0.3179597298859994,56.36763387478634,0.922173774840389,73.23899612513792,0.9724717266558486,0.3297332340274594,1,2,11.60890368849355,7.397048682010547,77.4372539197281,76.87086393975002
231,0.0173024166666666,3.119508777094716,113.0,0.2907368905719008,48.968933869207234,0.9317243504567448,124.11389250108364,0.9879142575223434,0.2678273285033298,7,14,11.867429914911105,7.537566947472467,121.5340172422097,130.99581948658673
232,0.0081782083333333,3.125100549887468,119.0,0.382683506095987,45.5925164998537,0.8489106621791176,128.50910952832209,0.9638383000888,0.1183662585245564,10,17,11.721546866646475,7.400793666444013,115.63717788035338,133.32341372950611
233,0.0129755,3.045662659775473,86.0,0.2515861163510074,46.67963139990909,0.9333827135070512,93.91468380119323,0.979683000280874,0.3673273599868232,3,4,10.600806053151656,7.2038295893159345,83.52442376484339,95.14926882839144
234,0.0393917083333333,2.99773659838593,92.0,0.1844756606089456,55.30799123179568,0.9609377845480734,112.36629381058911,0.9890043505574024,0.4997884132332656,8,7,10.796292922640244,7.456802202113872,93.6615418788773,113.07073053347509
235,0.0073499166666666,2.951517938300883,54.0,0.1617238499012655,53.31500600725954,0.9337258821177224,80.85128202221075,0.9659379667271728,0.5092903471588452,0,2,10.83798297451186,7.468269111373816,71.8539293994932,80.58149897109426
236,0.1181235,3.149047699731992,14.0,0.3127757695716197,63.37186905569067,0.9666821120210612,34.13410098456138,0.9883088660105226,0.4181149611261549,0,3,12.18664990253933,6.35135069908618,26.87940780989415,39.96406590832771
237,0.0686645,3.0241073415671784,47.0,0.355346924898135,78.50033168521725,0.9240481976348488,89.37333769434147,0.9782249263673108,0.3863223369243814,0,0,10.616205710784834,7.682416628292455,72.4302785846789,95.12019694927658
238,0.0740049166666666,2.8215449944515583,42.0,0.1551066298556276,62.96621184696843,0.9621244457873922,66.19812761242433,0.9713531423439355,0.6407401640299026,0,0,10.370568068653077,7.376311446178468,59.510274597326315,69.30355863991784
239,0.022765875,3.0002759347723065,53.0,0.1970463314571896,51.08945972814828,0.9323616590269004,72.56514776612177,0.9638346131322588,0.3673641385254279,0,2,11.247677134134111,7.383760036220162,59.037111734174715,76.92240173937233
240,0.02347975,3.0059256636806233,50.0,0.1722808228069342,55.59061821749755,0.9385265536233446,75.83608180648596,0.9716757562442492,0.4205078094222377,1,3,11.273332756341029,7.477446052623812,59.99813317953951,79.29311210682756
241,0.0203559166666666,2.99246594419567,45.0,0.1639287184600402,50.09547143966169,0.9376588770102202,73.51186134001416,0.9643631211030096,0.4349749279418513,2,3,11.37838642914446,7.382385252467529,54.52845698191837,77.52358963652514
242,0.0267512083333333,3.0365602111608148,35.0,0.1746559114619745,55.000063645419424,0.9453009373159188,67.48655476451174,0.9702671343926482,0.4771632517725145,0,2,11.425603050299756,7.355928021048537,45.585321369552794,70.76625615801909
243,0.024148125,3.0944600914058404,80.0,0.3066430621676975,53.07357829238408,0.8962698998334835,70.71491106230039,0.9710338242467472,0.2668148379742285,0,2,11.433681551088297,7.380516685265219,81.3294654765746,77.3194751907903
244,0.006230625,3.008868705685522,39.0,0.1500962382615214,52.716019743480864,0.9428259914101796,88.22143014772264,0.9635538025494816,0.3715565348231625,9,13,10.88902745955908,7.4552927307246195,63.12299297163913,92.92758313995868
245,0.007295375,2.931470870685236,40.0,0.1732789361368196,37.89038531764814,0.960295950641462,62.235833647443144,0.963899777945445,0.5119032253355607,2,2,11.70118985219332,6.895935496328195,43.96094187255137,64.13257718534763
246,0.00625025,3.0785128352686852,47.0,0.1898928206096324,46.79970094784498,0.8905004581243912,75.14633495986988,0.9383624582312512,0.2980748085313132,7,7,10.857357878461396,7.311184466823866,55.65926725861931,79.979894941738
247,0.020050375,3.041454425593695,46.0,0.203319812211834,52.397706367930226,0.9210899629116428,65.28801619231281,0.9701466961915342,0.3331395730987037,2,7,11.313198041098614,7.248059157499043,56.712492934565766,71.48853737199096
248,0.0070325,3.0267403985070027,31.0,0.1548872597197182,54.35622310050382,0.943447454748141,60.23847835488859,0.9716151593771332,0.4281327604359357,4,5,11.122168967130005,7.1153441477453745,57.19392621644519,65.77656984080905
249,0.01195925,3.0419410124331856,102.0,0.1964063333688224,57.82795131121008,0.9224371304838268,111.76828715961985,0.9819598153565792,0.3357066241959749,3,6,11.048549482675677,7.654339404716278,103.18167660748628,119.37625073162576
250,0.0233666666666666,3.0657851728108567,63.0,0.2384489988669371,62.59174498681554,0.8598655893235783,101.62548523477606,0.973503914958434,0.27290875926244,0,0,10.5094204755709,7.8066722017451875,77.4290322408084,106.47781694724247
